symbol,side,setup,result,pnl_pips,body_size,upper_wick,lower_wick,adx,z_score,atr,rsi14,bollinger_bandwidth,dist_ema9,dist_sma21,dist_sma200,dist_vwap,hour,day_of_week,dir_lag1,dir_lag2,dir_lag3,rolling_vol_10
HK50,BUY,Russian,0,-39.365493840628915,2.4689405843190317,0.17225166867342084,0.40192056023798195,20.52133406340412,-2.91931822698197,17.41637699712405,28.34501405204354,0.003082974062745658,-0.0018795848836630435,-0.002243328405656412,0.0013327850885272324,0.003308180973873556,16,1,-1.0,-1.0,1.0,0.0005667330282681675
HK50,BUY,Russian,0,-49.81851272949643,0.6426614730235805,0.42844098201572034,0.8033268412794756,22.61999308103021,-2.775906153850718,18.672350068758046,25.91309188856428,0.0039020245179693853,-0.0018492591304179855,-0.0025959748403041674,0.0009079512695155581,0.002849688853588062,17,1,-1.0,-1.0,-1.0,0.0005626624215098586
HK50,SELL,Russian,0,-88.30354346807508,3.7033628465246915,0.16871812512640963,0.0,24.409596827239294,4.055847532133674,29.635227372600436,78.01115996421385,0.007269740894609459,0.005531652728606182,0.007011501744299675,-0.0011680683878599247,0.0014293219078548387,4,0,1.0,-1.0,-1.0,0.0022660849250442693
HK50,SELL,Russian,0,-125.04352926111824,0.6203748384671532,0.01676688752613928,0.16766887526139276,28.271339831667216,2.33866275196882,29.820680744742216,71.14011056061858,0.010287922831330074,0.003219343408465665,0.0057428509439755564,-0.0017239553226323049,0.0004988670553009702,4,0,-1.0,1.0,1.0,0.002356752153914727
HK50,BUY,Russian,0,-47.9916659399787,0.4121728614667112,0.1030432153666778,0.7470633114084142,34.565118442141866,-2.3066477226393456,19.40933221933175,29.33703548860815,0.003880458373035729,-0.0015593608463345815,-0.00218709374035861,0.005609753861480713,0.002995074171763746,16,0,-1.0,-1.0,0.0,0.0006840526598245764
HK50,BUY,Russian,1,75.52023989000736,0.2945072250126615,0.2454226875105513,0.09816907500422052,23.451707235362882,-2.171755743311354,10.186507308508384,29.611404930266986,0.0029618451584048845,-0.0007564263408890849,-0.0015345808468973416,0.001009709635731274,0.0026312420349989983,14,2,-1.0,1.0,1.0,0.00031207603414472177
HK50,BUY,Russian,1,132.96018543324317,0.9975511484729482,2.1637024910540004,0.028100032351350654,24.150592024239906,-3.97966754964191,17.793573820421848,25.348605237967178,0.003554930525790303,-0.0026880012983347473,-0.0033766158013953185,0.008942769855309157,-0.0007245576299492012,4,0,-1.0,-1.0,0.0,0.0010210702904493581
HK50,BUY,Russian,0,-42.78621888352791,1.1214632866744543,0.31151757963179283,0.1869105477790757,17.237839687196658,-3.4321316207142765,16.050458551680755,26.33047905988704,0.003401863786887905,-0.0021092794730085246,-0.0027988204632867146,0.0021120065580365476,-0.0008406649334796205,4,4,-1.0,1.0,1.0,0.000857103102151493
HK50,BUY,Russian,1,135.75403182400623,0.8119346862271004,0.15614128581290393,0.0,20.442364565916424,-2.9492224110634306,16.01114008370356,23.92745715370455,0.0044993400039170664,-0.0021341062200404735,-0.0031742139844337124,0.0015367156390951897,-0.0011378386156012119,4,4,-1.0,-1.0,1.0,0.0008558917277877317
HK50,SELL,Russian,0,-22.784112653163902,0.2007572771761192,1.003786385880596,2.2752491413293505,26.13492597134999,3.07022293928954,7.471709225683952,83.30621905077582,0.0017870838380199658,0.0008876562767709208,0.0013399699977449761,-6.662697767930664e-05,0.00035654295765283567,4,1,1.0,1.0,0.0,0.00031414588214654174
HK50,SELL,Russian,0,-90.74050624547453,1.7581955791468038,0.0,0.18704208288795787,42.073127715339616,2.833038016232715,26.73195209762022,73.68773831062751,0.007177283103874816,0.0030288844518271026,0.004835259825770563,-0.0020050045573640957,-0.0033953437174704644,17,1,1.0,1.0,1.0,0.0007984507378822899
HK50,BUY,Russian,1,95.81638501335692,0.7686932414976455,0.2660861220568773,0.20695587271090457,20.185287032411683,-2.5937591638599367,16.911817742370275,27.89002178215054,0.0033422577093587774,-0.0012351444241310784,-0.0020633117781255934,0.002470156767568513,0.0011562576016302534,17,0,-1.0,0.0,-1.0,0.000487244277582026
HK50,BUY,Russian,1,107.04136104004283,0.45385066879922237,0.0,0.24205369002625193,21.021605674937895,-2.3786855542159637,16.525259332200967,26.1169087310722,0.003932465676028903,-0.001207359382295976,-0.0022327749226177967,0.002173623723892263,0.000876193107784643,17,0,-1.0,-1.0,0.0,0.0003436311180387367
HK50,BUY,Russian,1,55.0753634841094,1.1241995111742313,0.10219995556129377,0.5620997555871157,30.488200629091864,-2.03385101286077,9.784740066743536,27.596035712240976,0.0021136461347124554,-0.0005779052529931449,-0.0011194858085872281,0.003836045834698155,0.0005978546470916042,16,1,-1.0,1.0,-1.0,0.0002351373232165629
HK50,BUY,Russian,0,-51.068909837747924,1.3661921788087708,0.0,0.34393649256724296,26.2390776614515,-3.125976790105734,26.16762162346123,29.715561699785297,0.0038987565024192006,-0.0019835876567151074,-0.0028996531867556802,0.00344859526368077,-0.0025521454228412425,12,2,1.0,-1.0,-1.0,0.0008382046711060116
HK50,BUY,Russian,1,79.8996477252731,3.9178080822089147,0.7535603833796611,0.1647126521048311,14.475693594527929,-3.589113306160152,16.999301293608077,27.435535841394042,0.0021985524300190285,-0.0018140039365768985,-0.0018842631866532026,0.004604852403852352,0.0009771220868620089,16,2,1.0,-1.0,1.0,0.00081748383216107
HK50,BUY,Russian,1,83.15402440169055,0.6019316379665532,0.18399657055745,0.13405464426324673,22.139773982621477,-2.651763583139648,19.0220936694425,28.569756502838942,0.0027247789041685024,-0.0012597684470473751,-0.001932670944791224,0.0021905632005311706,0.0020904688250699697,21,0,-1.0,-1.0,-1.0,0.0003718316246379213
HK50,BUY,Russian,1,200.5034724644065,1.8511634274213231,0.08677328566037452,0.2603198569811236,23.01797055519703,-3.726033318608229,34.57285242997276,26.23625292618499,0.005605234288616205,-0.003870953960770311,-0.005036193391380067,0.0008598782884991777,-0.0038725716439335354,4,2,-1.0,-1.0,1.0,0.0013171952809153727
HK50,SELL,Russian,0,-59.50268703538313,2.1722788642068784,0.19898737687391252,0.45767096680997466,20.084599040180063,3.4617387752131994,30.1526664367352,71.03849059168905,0.004717635004569905,0.002839488951576375,0.003893172582656648,-0.012100503929466655,-0.0035105200240027556,14,4,1.0,1.0,1.0,0.0009819249077952703
HK50,SELL,Russian,0,-138.01996766751836,4.1594419760055175,0.3369380371624581,0.39503080219046816,23.782959228887005,4.035292139369006,43.03461883411126,84.26224734705178,0.01093699381713562,0.007942333792980288,0.010496179695486831,-0.005019009205499441,0.003529746086997344,14,4,1.0,1.0,1.0,0.0021858618400792933
HK50,SELL,Russian,0,-176.79197380323603,0.4252667356173751,0.47978811197857707,0.8941505723237118,27.273582851615174,2.8047748776035792,45.85357463167474,80.61830500118145,0.014002101899872587,0.005823695171547097,0.00936109079648941,-0.005582874198223615,0.0028295722726132586,14,4,1.0,1.0,1.0,0.002257052178891255
HK50,SELL,Russian,0,-200.8534419897369,0.282470478345493,0.11508056525186751,1.129881913381972,29.65584418378787,2.19256191847404,47.79260501512654,77.76488256971687,0.01589923784228732,0.004244025717979979,0.008372753895058106,-0.0060091955747914325,0.002294550143236885,14,4,-1.0,1.0,1.0,0.0023176078389093853
HK50,SELL,Russian,0,-83.86442380251901,2.5013220078797787,0.1754753959609506,0.47537879996686927,24.997665971068646,2.6848351758679994,31.34342549780564,71.3628295550721,0.006487044004530405,0.002781336049592508,0.0043828570702328365,-0.0017803260302352993,-0.001147868538538347,18,4,-1.0,1.0,-1.0,0.0010828484982069715
HK50,BUY,Russian,0,-22.423419976032164,2.7837210411450473,0.0,0.59528803802923,15.701187736899744,-3.852632294935457,11.675020420376443,26.154383616951435,0.001714578950963671,-0.0012468279074216329,-0.0015968825153971666,0.003664212110997189,0.0017056642528503279,15,0,-1.0,-1.0,1.0,0.00045553136117563
HK50,BUY,Russian,0,-32.06767966687039,0.8561800890370214,0.536648763942253,0.1720553288976186,18.565105722029312,-3.2443148459121574,12.205376104635423,22.957583473118817,0.0024523082753800693,-0.0013482375587641486,-0.0019220648363914234,0.0031837712617715412,0.0012596080300766792,15,0,-1.0,-1.0,-1.0,0.00045012841181259124
HK50,BUY,Russian,0,-36.52069745199333,0.5168272503525074,0.5248400759398381,0.24439118039959118,21.224458136792485,-2.270681382998059,12.479992097161672,29.035408243881278,0.0027931398027530546,-0.0008507560410696809,-0.0015371322645728771,0.0034283582872768606,0.001540623669843551,15,0,-1.0,-1.0,-1.0,0.0004769311880595528
HK50,BUY,Russian,0,-39.15835966762825,0.04110637279429867,0.2096425012511625,0.4110637279429867,23.693856807644003,-1.9062943012325648,12.16356409022176,29.835544315000078,0.0029952001679423284,-0.0006500979342370457,-0.001399791483607871,0.0034208134716472976,0.0015750566069916258,15,0,1.0,-1.0,-1.0,0.00047810920163707005
HK50,BUY,Russian,0,-47.14909275543323,0.8119262376239496,0.0,0.32640250758761286,28.800505266331754,-2.0730590149972534,12.254807812486922,24.52553389159634,0.0036072513463231235,-0.000901708657687894,-0.0018117897209145113,0.002683365030179825,0.0009165840552835976,15,0,-1.0,1.0,1.0,0.0004712378879086918
HK50,SELL,Russian,1,213.8305996121053,0.15017445447651928,0.28366285845564754,0.5673257169112951,18.454722522862514,2.706017562530078,29.965149636708706,74.43195337250131,0.007247620048732449,0.0030156381168102756,0.0046676545719987455,-0.0009418476069634349,-0.0016836295544751514,16,1,1.0,1.0,1.0,0.001187614106279204
HK50,BUY,Russian,1,108.9503992515456,2.231658919923331,0.5579147299808328,0.11158294599616655,33.88745725425983,-3.6103239898900137,17.923885967921212,29.886552267990652,0.003001850346716293,-0.002522004672469203,-0.002637370333851628,0.005114467574275579,-0.0006140761607959822,3,3,-1.0,0.0,-1.0,0.0010582685728373648
HK50,BUY,Russian,0,-36.86378160694221,1.9483040624169186,0.07059072689915813,0.0,33.418139194863635,-3.0793195403369813,14.166166633027348,25.659268293048896,0.002779277814882574,-0.001484611091396469,-0.0020609751368957526,0.007027773634499479,0.005231124092172207,16,3,-1.0,-1.0,-1.0,0.00040183022710734513
HK50,BUY,Russian,0,-43.668254152013105,0.19538503684997854,0.3842572391383859,1.4263107690047012,35.16703723652259,-2.3979672936395793,15.354297587811057,27.952853506846182,0.0032926060923574936,-0.0010974636892643103,-0.001877735784021307,0.007034460138556731,0.005312160664709508,16,3,-1.0,-1.0,-1.0,0.00037648659608327404
HK50,BUY,Russian,0,-50.47940981654028,0.47092556662076146,0.03203575283135066,0.7079901375728029,36.79101398949162,-2.2445418136562023,15.607562045824396,25.981745705758215,0.0038065430675579964,-0.0010850234104349645,-0.002032069095376371,0.006671423819491834,0.005025810700383821,16,3,1.0,-1.0,-1.0,0.00037639264184394336
HK50,BUY,Russian,0,-61.28006973733136,1.4094472135854288,0.09132487345045401,0.1461197975205935,38.70112733350357,-2.5366486112946434,16.424879042551172,20.584720368453816,0.004621665293718741,-0.001582682408995071,-0.002788413909908904,0.00567561671493801,0.004101247553276442,16,3,-1.0,1.0,-1.0,0.00041359362440360344
HK50,BUY,Russian,0,-71.29165153507711,0.49636290178007514,0.7090898596860059,0.17727246492150148,40.671349470357974,-2.2925753302910845,16.923101968083078,19.15347425314019,0.005377587958757225,-0.001505322353571601,-0.0029349376653506182,0.005281091956065867,0.0037736730439072975,16,3,-1.0,-1.0,1.0,0.0004039794876469761
HK50,BUY,Russian,0,-92.20630244309359,0.772987471581269,0.6217507923588469,0.10082445281494813,31.40038492190613,-2.1299737177539817,29.75468664834869,28.89561429450501,0.00696235150133139,-0.0020005342640817643,-0.003640328268608285,0.0030416238122474657,0.0016937635498700647,16,3,-1.0,0.0,-1.0,0.0011150021099865831
HK50,BUY,Russian,0,-48.128679205765366,1.106664950236756,0.0,0.3651994335781832,28.88468100688366,-2.168548374557586,13.554237889969274,25.145836494855487,0.0035760794884621082,-0.0009528562554140352,-0.001892241729303591,0.0006259766540716827,-0.00019832924337031895,16,2,-1.0,-1.0,-1.0,0.00017833302005989407
HK50,BUY,Russian,0,-51.57275161620419,1.7611205008052435,0.10359532357677903,0.28488713983614233,23.797716319036613,-2.271063653930566,19.30589075787492,29.926649731521266,0.003813518513606041,-0.001188205978207954,-0.002059530973423441,0.002894008134106425,0.002551203776395863,16,3,-1.0,-1.0,1.0,0.0005783477822835033
HK50,BUY,Russian,0,-54.81119050002235,1.8873966782190073,0.6094718440082211,0.43252840542518917,27.117330520178914,-2.417944927721843,25.431855716358445,29.47196956200439,0.004056299676405739,-0.0015779647639050005,-0.002519734454891124,0.001616976385122893,0.0012190765997439298,16,3,1.0,-1.0,1.0,0.0007484227126129208
HK50,SELL,Russian,0,-83.51907503193434,0.6258248552131898,0.3337732561137012,0.556288760189502,23.59904257453468,2.9065642536332867,35.95255096145915,71.07253931729552,0.0063208255634464505,0.00288089002399631,0.004385237837483367,-0.003306150799411894,-0.0015021357091830935,16,4,1.0,1.0,1.0,0.0010752209630305702
HK50,SELL,Russian,1,167.94755224930486,0.44021597578225546,0.40499869771967506,0.052825917093870654,18.739322166196743,2.367407323277018,28.395153033207702,70.70349456998596,0.006039396175132289,0.0018870481708738432,0.003412240409134721,-0.002241227720031156,-0.00045549156670409726,16,0,1.0,-1.0,1.0,0.0009312611209235734
HK50,BUY,Russian,1,135.1803828493139,0.7947426139944891,0.6014268430228566,3.4367248172734666,22.09295413093541,-3.735347018461892,23.277976635751763,22.110879797134615,0.00374310958790715,-0.0029038825427722707,-0.0033253533633871633,0.00014431849393422384,0.001086897800736167,3,0,-1.0,-1.0,1.0,0.0010313132423914024
HK50,BUY,Russian,1,140.2656184971711,0.6603720835096267,0.7200318667550774,0.10286169525072533,28.44413183806067,-2.0105201546761666,24.304479854296112,29.128911004143973,0.005513376764538294,-0.0015110250520424136,-0.002636002696666666,0.0005291310797559401,0.0008279352605955558,3,0,-1.0,-1.0,-1.0,0.0010567053513395603
HK50,SELL,Russian,1,65.0243623967981,1.772766947525054,0.04938069491713042,0.5481257135800758,19.117810079928972,2.818153049939509,10.125414412233138,74.76302238116106,0.002157288849914201,0.0009048626943164287,0.001469273283442662,-0.0031515772920590324,-0.0015613899709513773,15,2,1.0,0.0,1.0,0.0002627663027803016
HK50,SELL,Russian,0,-31.98482206799963,2.241499081908583,0.056389914010278826,0.5357041830976489,27.705627431854513,3.924785576653741,17.73366775870094,71.39900625196574,0.002490929847284134,0.0019104487790276724,0.002415436094136349,-0.0025935392571365293,-0.0029665625573349584,19,0,1.0,1.0,1.0,0.0005739560604637159
HK50,BUY,Russian,0,-67.36995661040055,0.25838652738369877,0.35066743002073403,0.18456180527407054,27.849444041529413,-2.4758858383651248,27.091195778970093,28.596229938389172,0.005281396557557366,-0.0018053139800272493,-0.0031714160451031394,0.002894589509540945,0.0026830468985303522,17,2,-1.0,-1.0,-1.0,0.0007655436160157793
HK50,BUY,Russian,0,-79.05478114652578,0.7176073114372878,0.2870429245749151,0.3588036557186439,30.23767276188744,-2.492155197421868,27.87039608047223,25.21827419203906,0.006199056173071085,-0.0021204484310575443,-0.0037701526748482282,0.0020137613052330365,0.0018179809266830784,17,2,-1.0,-1.0,-1.0,0.0007823706549569024
HK50,BUY,Russian,0,-91.35753880128323,0.5450084184851343,0.14533557826270246,0.14533557826270246,32.63868972980907,-2.3837864940911064,27.522510646152785,22.913483750938028,0.0071658465424532134,-0.0022316653537926123,-0.0041540406799069765,0.001310231760149752,0.0011363993803338293,17,2,-1.0,-1.0,-1.0,0.0007890753186734877
HK50,BUY,Russian,0,-97.47578161321871,0.5160710877012278,0.12901777192530695,0.16587999247539467,34.88485978292739,-1.8107266503642838,27.128045599999016,28.50179695910265,0.007647735579414298,-0.0013614506613867645,-0.0033750578573341562,0.0018023329932608503,0.001655473775850321,18,2,-1.0,-1.0,-1.0,0.0005401147278897909
HK50,BUY,Russian,1,158.38336980708118,3.519584688395828,0.44272670554034427,0.01852412993892541,18.95303820722818,-3.5295590358542555,26.99182102741205,28.30718660814219,0.004507885008408548,-0.0033594483590959887,-0.003871752403987543,0.0016563009112303666,-0.002679469253138359,3,4,1.0,-1.0,1.0,0.0012562647682499166
HK50,BUY,Russian,0,-33.586132401556824,2.3004676759710043,0.003716425970819829,0.0371642597087391,41.922543445628236,-3.1796866989599755,13.453786081535375,29.485616227816166,0.002597775212352403,-0.0013805942758620307,-0.00196719832156481,0.003504618327810745,0.004439189949734207,20,4,1.0,-1.0,-1.0,0.0004357656409046107
HK50,SELL,Russian,0,-138.76364788537467,1.6222993718380354,0.011781404298025197,0.8753583393433064,39.213243942198964,2.6544327796988028,42.43976247244228,71.86570411451105,0.010822099195772868,0.0051005066395615525,0.00683459830161921,-8.048563403087514e-05,0.0028706009404304415,3,4,1.0,1.0,1.0,0.0018312499608558875
HK50,BUY,Russian,0,-69.04732243866601,4.893671720139859,0.265790476812708,0.2970599446730266,22.23715163268492,-2.066653063614801,31.980077322294783,29.99595873665369,0.00522627190487332,-0.0013876865051134003,-0.0026821260732604567,0.0030365886563677707,-0.001962912937552814,3,0,-1.0,1.0,-1.0,0.0004991301889689834
HK50,BUY,Russian,0,-72.98016023957825,0.12591598109128052,0.6295799054564026,0.15739497636410066,23.491725635327697,-2.0013340999047613,31.76721465641658,28.294690409969903,0.005525281836798481,-0.0013682794916485908,-0.0027816765147951317,0.002570604577359468,-0.001362731454148407,3,0,-1.0,-1.0,1.0,0.00047214675055533994
HK50,SELL,Russian,0,-50.882020394969004,0.6288623599553834,0.020285882579205917,0.42600353416332426,27.293726580680474,2.7075820778873116,24.64768284287152,71.2300160418828,0.0038765481497965047,0.0018213409498460133,0.002506417968279605,-0.0003588474898926325,2.2078548425621093e-05,17,0,1.0,1.0,1.0,0.00046821783652603577
HK50,BUY,Russian,0,-57.404940862012154,0.9015292233279509,0.07088190453678195,0.0,25.182874990507912,-2.202279921349423,22.572756903960936,28.77097110785452,0.0042962202867246075,-0.0012471556190468533,-0.002341287563834124,7.121892336024443e-05,-0.001837081860518026,18,1,-1.0,-1.0,1.0,0.0003545541465693157
HK50,BUY,Russian,0,-57.07810530034112,0.32905541310851255,0.7761688751950111,0.20094987060064065,30.40381313778556,-2.6125388620269017,19.90546193458085,28.985199576903852,0.004342173182260639,-0.0016321676320413235,-0.0027079161787599924,0.0026038228647910742,-0.000730283980103644,3,4,-1.0,-1.0,-1.0,0.0007303101482100528
HK50,BUY,Russian,0,-66.4342722225374,0.6921715083677831,1.4727053369526648,0.9467391451838559,31.828974508060224,-2.3147297359883976,23.765786082110843,27.65371345694595,0.0050547660607211916,-0.0015027777343080912,-0.002793763649986346,0.002368671009824498,-0.0006956519436948031,3,4,-1.0,-1.0,-1.0,0.0007255997782585254
HK50,BUY,Russian,0,-78.27442211430389,0.9764120631596938,0.3905648252638775,0.5663189966326224,33.49684276690045,-2.416852198312867,25.603944219102925,23.583828419232148,0.0059569224088901985,-0.0018887638736668343,-0.003453302951370011,0.001525318030798004,-0.0011972757728604831,3,4,-1.0,-1.0,-1.0,0.0007320552179781243
HK50,BUY,Russian,0,-35.89833448871286,1.1018831485726426,0.27128430101630413,0.13731674495884594,22.363449979286894,-2.165332123726608,14.928987725522193,29.154148931408642,0.002659924506411094,-0.0007841200829438105,-0.0014727528809399626,0.0017247151033217482,0.00019285635307409528,15,3,-1.0,1.0,-1.0,0.000324580176532747
HK50,BUY,Russian,0,-42.00330059870976,0.8287974714655717,0.0,1.3499352754930918,26.575210774890234,-1.907649817855057,15.926689516389356,29.960501891447123,0.0031131335450623847,-0.0006974591325954971,-0.0014493614189642079,0.0013784212825941572,-7.744586928679211e-05,15,3,-1.0,1.0,-1.0,0.0003779559351685078
HK50,BUY,Russian,0,-46.326250352489296,1.0813271110035756,0.3604423703345252,0.12014745677817507,28.49852837826085,-2.2490911281593,16.646211693790114,25.391778952028247,0.003434064432836056,-0.0010477595637132073,-0.0019265061550777552,0.0007466208961655247,-0.0006876169289948545,15,3,-1.0,-1.0,1.0,0.00031824766585333733
HK50,BUY,Russian,0,-50.865356560694636,0.3958229766572138,0.30447921281324136,0.12179168512529655,30.454808303052424,-2.126464230915077,16.42148228709082,24.07395726137824,0.0037711133416383717,-0.0010016737936831678,-0.0019741130656313124,0.0005218324560428702,-0.0008876461078730403,15,3,-1.0,-1.0,-1.0,0.00030726875104363047
HK50,BUY,Russian,1,100.57330580917551,0.9833829488282931,0.09133587760014283,0.24356234026704757,22.1308470277547,-2.6499520686657134,16.422900172556663,29.28010052413316,0.0033616964532640764,-0.0012886805695298009,-0.002124528538321352,0.00038305755520076315,-0.0007901142199289056,13,2,-1.0,-1.0,-1.0,0.00036232293521976805
HK50,BUY,Russian,1,221.79060912884597,0.6120078254050718,0.04962225611392474,0.2977335366835484,29.30349532960261,-2.2204189038677984,30.228371651547658,28.792681387554737,0.008052159365898042,-0.002264923227386043,-0.004266689937353404,0.00019266827205639716,-0.00033865282171459876,19,2,-1.0,-1.0,-1.0,0.0006270863022945026
HK50,BUY,Russian,0,-38.48507705636803,1.6355696541284828,0.02070341334339852,0.04140682668679704,17.136940806387365,-3.6782637950289407,24.150607037917727,29.19664576592315,0.00286278232772845,-0.0019955421091986682,-0.00255599292851417,0.003919627359420871,-0.0019126398544605085,3,4,-1.0,1.0,1.0,0.0007552371836898208
HK50,BUY,Russian,0,-60.95046196978001,1.9108507386429041,0.0,0.14024592577195627,22.627610848219074,-3.576413838945767,28.52132764629548,29.921905085807083,0.004544741228610962,-0.002823342247299303,-0.003865832274187049,0.0015777268930223121,0.003315427474649597,14,3,-1.0,-1.0,-1.0,0.0008722556610624616
HK50,BUY,Russian,0,-105.44994771121128,0.8668438029984976,0.33097672478124457,0.5831494674717166,30.319514595209895,-2.0536902867266424,31.724285165187553,29.695339265672672,0.007869547371038989,-0.001838445704699019,-0.0038600839072968907,0.000849267864370293,0.0023859578477935426,14,3,1.0,-1.0,1.0,0.0008632977957834048
HK50,BUY,Russian,0,-115.61316294438802,0.4127773110590067,0.1587605042534641,0.3333970589322746,32.21300558445191,-1.954033497984642,31.49397908195987,28.146724475667966,0.00863042986418702,-0.001830522416013696,-0.0040661127649176095,0.0004243024065324797,0.0019153059264939184,14,3,-1.0,1.0,-1.0,0.0008631070498175367
HK50,BUY,Russian,1,175.8021145939856,1.6363848233118143,0.0,0.20068870474578854,36.37998674814129,-3.4945798710536486,32.38846953660656,25.987812562219872,0.004890571452070708,-0.0029116545222878007,-0.004064265184505773,0.007214636684609704,-0.002601371734576843,3,0,-1.0,-1.0,-1.0,0.0006581206025368103
HK50,BUY,Russian,1,183.9912680961752,0.09037197068589468,0.44420121184636124,0.5667394771832884,38.05566847716924,-2.6402503457837967,32.64286456970588,26.759372200771026,0.006053746564909257,-0.0022727623627327794,-0.003804982370145599,0.007211232897068141,-0.0021156575455723477,3,0,-1.0,-1.0,-1.0,0.0006739231948473194
HK50,BUY,Russian,1,163.6812801131091,1.5780463996667606,0.0,0.15471043133988124,23.882029717343165,-2.936818262114987,25.854753072289316,28.39592892799405,0.005066015718106513,-0.00223890210260673,-0.0035401569269353783,2.8394266142691134e-05,-0.0031486939113995224,12,0,-1.0,-1.0,-1.0,0.0006630455125528869
HK50,BUY,Russian,1,109.87785058114969,1.3552954634453003,0.0,0.0,28.996001282884947,-2.509830118496504,19.147116403705184,27.18122390060263,0.003637313706507862,-0.0013252829820453915,-0.0023106039952088095,0.007577022781651666,-0.0004100820536312361,13,0,-1.0,-1.0,-1.0,0.00030339490090825085
HK50,BUY,Russian,1,107.59022575097697,0.02446958168988917,0.27460308340827266,0.16584938700894108,30.738367932071565,-2.133832034835644,18.39017951772619,27.782662263363022,0.0038975055923904794,-0.0010323927033630722,-0.002100342134633217,0.007502877618527,-0.00037335273733457,13,0,-1.0,-1.0,-1.0,0.0002912478549393479
HK50,BUY,Russian,1,107.42570709708161,0.22658698631889895,0.13986851007341955,0.587447742308362,34.26861272430217,-1.6840612494947562,17.87393029844748,29.028006561285892,0.004395722456647605,-0.0006835051458955488,-0.0018462970670247497,0.00721030395344022,-0.000441246143297015,13,0,-1.0,1.0,-1.0,0.0003168896179727217
HK50,BUY,Russian,1,152.82093578306376,3.9614144507197033,0.1366004983006794,1.2684331985063089,28.73331693136806,-4.226832610384824,25.622161291798097,24.423952186362186,0.00379290115958559,-0.0030521109077894823,-0.003838138332071952,0.0016847907313184045,-0.0023237213485451298,3,2,1.0,1.0,-1.0,0.0012299172788402617
HK50,BUY,Russian,1,151.09963640093702,0.08687689218030109,0.3040691226310538,0.41266523785643017,30.27357440555562,-2.0879272990573154,23.02108132331983,28.180640334581085,0.005665011020391709,-0.0014672344157969728,-0.0028176648925024267,2.959613019791595e-05,0.00019885625400329612,17,2,-1.0,1.0,-1.0,0.0007355586282559007
HK50,BUY,Russian,0,-54.115065263857105,0.6770227965930925,0.0270809118637237,0.27351720982357,20.52662150770959,-2.2501039385754114,18.463189220366548,29.575246848388588,0.004067695899139988,-0.00116722109050516,-0.0021913464499141613,0.0011301723281131203,-0.0007459533665032088,15,4,-1.0,-1.0,-1.0,0.0003085897793649795
HK50,BUY,Russian,1,222.1315867862795,0.3879720470149201,0.1251522732306194,0.3754568196918582,24.844192277380213,-1.971518639127568,39.95133185304951,29.212024262649166,0.00902983638082908,-0.0019111013968362328,-0.00429557765042389,0.0029623128596191896,0.004202674889733503,16,2,-1.0,-1.0,-1.0,0.0008931569308372452
HK50,BUY,Russian,0,-111.48943259765656,0.33137453446637255,0.34320933926874303,0.1420176576284454,21.057913859521427,-2.801748498779224,42.248267575976634,29.299749274433495,0.008683500046841335,-0.0036588622554304326,-0.005894441135090337,0.004607757707941206,-0.0029656061286799425,11,4,-1.0,1.0,-1.0,0.0015870968377170223
HK50,BUY,Russian,0,-134.04179474654302,0.5881067210505857,0.024004355961248395,0.20403702567061135,23.60512984096564,-2.5423868287966083,41.65910560626401,27.423890284951938,0.010444215649949158,-0.003648515267044373,-0.006383335914913525,0.003656909795093634,-0.0038252226801257245,11,4,-1.0,-1.0,1.0,0.0014739459607902767
HK50,BUY,Russian,0,-161.0097904900358,0.9387021261204201,0.32854574414214704,0.023467553153010502,26.31552041484587,-2.4950295964390143,42.612026634388016,24.52041553526722,0.012550846584197481,-0.004157513539210755,-0.007469521446200957,0.0020623375366809276,-0.005318668561083313,11,4,-1.0,-1.0,-1.0,0.001258912660030533
HK50,BUY,Russian,0,-178.9492485447663,0.03583884726994018,0.5017438617791625,0.22697936604295446,28.931755441585707,-2.0918985338255163,41.85402473193172,24.52041553526722,0.013956143525424106,-0.003328778719888055,-0.00706632561650721,0.002018612921949746,-0.005258760763205372,11,4,-1.0,-1.0,-1.0,0.0012128752385413084
HK50,BUY,Russian,0,-84.95694018142603,1.137645757012651,0.02423100653914022,0.19384805231312177,25.849599143016604,-2.481953601110337,41.269437090230035,29.072711058478887,0.006527707657994966,-0.00228182347694666,-0.0038832228765046414,0.0022896088645173412,-0.005345709961800024,8,1,1.0,-1.0,-1.0,0.0007041079356332831
HK50,BUY,Russian,0,-128.0869211624704,1.1484495367988534,0.04317479461649825,0.7080666317105713,16.15606782569294,-3.2588746838480205,57.90415501003177,29.302775667030247,0.010259026515400956,-0.008181040512382363,-0.008656978963264615,0.003480510555975314,-0.0003769835392829822,4,1,-1.0,-1.0,1.0,0.0033552738078755184
HK50,BUY,Russian,0,-78.6427170936804,1.1836008562584892,0.03070300535041534,1.0270155289714156,24.640512856589602,-2.5370651787071288,32.57010147986937,25.80601712450064,0.006303902877533674,-0.002269931379853073,-0.003971656433779934,0.001149207420690737,-0.002202540073708364,11,4,-1.0,-1.0,-1.0,0.0005537356716586426
HK50,BUY,Russian,0,-84.06064918484844,0.0,0.6939681533577842,0.24674423230498993,26.802496053485314,-2.1635544688550032,32.42223708845013,25.739633406905483,0.0067403588042529395,-0.0018328420680045882,-0.00370650271034553,0.0011147609876977088,-0.002202981648674943,11,4,-1.0,-1.0,-1.0,0.0005603326422342247
HK50,BUY,Russian,0,-81.41008910457822,0.8354064833926808,0.04177032416963404,0.48035872795079143,21.849074266637025,-2.3274307319138714,23.940441446872335,27.41817071317574,0.006406498335634571,-0.0019463204193588572,-0.0035581074005242913,0.00033901679165616817,5.7206552553583334e-05,21,2,-1.0,-1.0,-1.0,0.0004502358069274889
HK50,SELL,Russian,0,-72.69747770718095,2.8665674263290897,0.48124854602605155,0.8997255425704442,31.783369524671166,3.0584043276435526,23.896176092296116,81.85867665179615,0.005676139084847438,0.0027164599345202594,0.004215966348121895,-0.00010157784643527089,0.004700851830194195,16,0,1.0,-1.0,1.0,0.0008346512751706965
HK50,SELL,Russian,0,-38.48304172473581,0.5705268428650174,0.2805352984250664,0.0,25.82021119820591,2.0661642018426587,15.86253147101104,73.91364809311791,0.0029658214152671137,0.0007385925930560304,0.00149683127590149,-0.002163590186138047,-0.001553237866438441,16,2,1.0,1.0,1.0,0.00013938930752200907
HK50,BUY,Russian,0,-57.290293773956364,2.614914365249958,0.0,0.37842465488422766,21.44885032559163,-3.7085163565531487,26.425339551566278,27.72899464714122,0.004314671853732422,-0.002803899283235192,-0.0038127479462939148,0.0075198658107725235,0.00581370735480665,20,4,-1.0,-1.0,-1.0,0.0008115969998399729
HK50,SELL,Russian,0,-42.47796951843338,1.3020215007955864,0.0,0.0,14.488082702708327,3.143739018118153,18.43287532912095,71.73401937994447,0.003251696602391304,0.001777013289811763,0.002467302433320659,-0.001136291892337646,0.0020817180152785343,14,2,1.0,1.0,-1.0,0.0005613122914913631
HK50,BUY,Russian,0,-50.74500338572034,2.3124077019796716,0.08706034506990966,0.1698738440389084,17.23508605463486,-3.7753969563353786,23.546885764731552,25.345539826117502,0.003900939691354962,-0.0027097252086749797,-0.003505916926910089,0.0002691430385531001,-0.0014251837790999382,4,0,-1.0,1.0,-1.0,0.0008425418369101849
HK50,BUY,Russian,0,-66.85406022554525,0.29723587356734793,0.20869752824946672,0.5881475796120778,20.432035891365665,-2.9168417634412873,23.718536781536493,24.465756505720663,0.005140141875872171,-0.0023553502526978258,-0.003570124236735448,2.0535312678983504e-05,-0.001203107594171417,4,0,-1.0,-1.0,1.0,0.000837524819831291
HK50,BUY,Russian,0,-26.143999514770258,2.3268073701085052,0.06083156523159491,0.30415782615797454,14.467226950813846,-3.9539635036202627,16.438833953932466,27.445512787027553,0.0020087326561124006,-0.0014973814177736192,-0.0018925845097842427,0.0034701076928876375,-0.0007979830030916428,15,2,-1.0,-1.0,1.0,0.0005197511593884192
HK50,BUY,Russian,0,-43.46008786211314,0.6068390826968199,0.0,0.4278215533014346,18.489783278549986,-2.288250023243048,16.47883316209555,28.31453392330515,0.003340086275430954,-0.0009788769244549853,-0.001818230725089113,0.0030421723491318516,-0.0009702600258445706,15,2,1.0,1.0,-1.0,0.0005299390056224723
HK50,BUY,Russian,0,-50.41354533048798,0.6200868330336554,0.027903907486334024,0.06510911746871428,20.09830680467962,-2.2847863044879837,16.126773650517503,25.600921992321958,0.003874957089981054,-0.00110646453408135,-0.0021112404958492014,0.002562987247073198,-0.0013672495110659654,15,2,-1.0,1.0,1.0,0.0005315948912376242
HK50,SELL,Russian,1,181.48403957578194,0.7276365325059585,0.05197403803613989,0.2408130429008067,19.549919085495972,2.567230885070587,28.860563017192977,72.47765000545343,0.0062965238967629756,0.00278028897490234,0.003851661564463208,-0.00015266058244496307,0.001220864158850867,4,3,1.0,1.0,1.0,0.00111243144418729
HK50,SELL,Russian,0,-72.5401660159514,0.4118285265438458,0.4138876691765351,0.18532283694473062,25.295478417428043,1.875730162574949,24.281950752470127,70.89089200125011,0.005623016955322458,0.0012546148017168572,0.0026891899786556715,-0.0035179398734846465,0.0030808596958888405,10,1,1.0,1.0,1.0,0.00023182648150645176
HK50,BUY,Russian,1,175.37206151278588,1.499307049184123,0.22489605737761842,0.5809814815588477,39.84179222021415,-1.7436158065106524,26.678991485944643,29.186482566646845,0.007175879448820878,-0.0017428138732420455,-0.0032173789908914677,0.007374907634682246,0.0038686820313256747,16,2,-1.0,1.0,-1.0,0.0005697035257609295
HK50,BUY,Russian,0,-68.34785635873777,3.491914419964912,0.0,0.13717690868478574,27.158535174803838,-3.9354778179469747,32.80435492492691,24.5640729473929,0.005088804194671499,-0.004094042432838875,-0.004765218883462956,0.009708687261908076,-0.0036228001197630266,4,3,-1.0,-1.0,-1.0,0.0014249390990211078
HK50,BUY,Russian,0,-89.01657974149202,0.030603995156716607,0.550871912820899,0.3672479418805993,28.258666123160594,-2.8702858817307186,32.675472430289275,24.5640729473929,0.006629300985998733,-0.0032779179332932886,-0.004530340247170445,0.00963748476723622,-0.0027778688951378195,4,3,-1.0,-1.0,-1.0,0.0014224186816553732
HK50,BUY,Russian,0,-112.91562334431,1.0337343897318327,0.3057524251319505,0.2911927858399529,29.821519387800947,-2.7519656673226387,34.341510113840044,21.187967038564622,0.008411500360032428,-0.0036397277921305054,-0.00550522143799453,0.008288910272094068,-0.003405383933984462,4,3,0.0,-1.0,-1.0,0.0013837238652491292
HK50,BUY,Russian,0,-133.87419701667386,0.4687274743884277,0.043943200723915096,0.4086717667324317,31.5220185070468,-2.402496252459753,34.13497367713724,20.05309668750165,0.009975625945253426,-0.0033025977985995662,-0.005699148542985185,0.007736919238395049,-0.0033545147002775914,4,3,-1.0,0.0,-1.0,0.0013778897635774484
HK50,BUY,Russian,0,-167.13420354716072,1.8610349925597356,0.08286360185847941,0.0,33.76662735698161,-2.6773502068774455,36.80747555734167,15.274885230737112,0.012458962032516806,-0.004754107104926188,-0.007932242617434143,0.005026681531169673,-0.005365419181552611,4,3,-1.0,-1.0,0.0,0.001481664146535234
HK50,BUY,Russian,0,-191.0065980415784,0.02692581184792586,0.4442758954907767,0.6448731937578439,36.060293526984026,-2.202792650676138,37.139084446103034,15.734949208218481,0.014244989738765677,-0.0037619504553377562,-0.007501827916934655,0.005029043635761982,-0.004724698022939049,4,3,-1.0,-1.0,-1.0,0.0014523724200047213
HK50,BUY,Russian,1,87.75013832438344,1.9082439775938038,0.47781227155502765,0.45076629391979617,24.089072127702835,-2.768559868383011,16.63833365796081,23.928391740366663,0.002890383237911797,-0.0012299275920858294,-0.0019825415191005906,0.009962551280806382,0.005151754592036822,16,1,1.0,-1.0,-1.0,0.00044196230942147185
HK50,SELL,Russian,0,-84.03958597641031,0.5863416015326565,0.3811220409962267,0.04397562011494924,23.169401997343925,2.5177648832312385,34.10980893684054,72.00561028468398,0.006926823810324952,0.0024389548378894927,0.004315122063235086,-0.0008077526043446105,0.002502649316144526,15,2,-1.0,1.0,1.0,0.0008248052944796747
HK50,SELL,Russian,0,-98.3658312011321,0.3800157515526941,0.3800157515526941,0.27770381844235337,24.809843461833985,2.3677267217688636,34.20910829849478,74.00806510162127,0.008105361074542043,0.0024433388895981206,0.004596203707609525,-0.00012613195949607247,0.003090764532770774,15,2,1.0,-1.0,1.0,0.0007878581255882999
HK50,SELL,Russian,0,-33.39542807631369,2.233179292968208,1.282357857306648,0.250216167279346,20.731709841452126,2.910513202560049,15.98617724623016,72.03281495451718,0.0027523312213494507,0.0015899761801077797,0.002148779452256078,-0.00249775508873653,-0.0011897600378932395,16,2,1.0,1.0,1.0,0.0005662589054241571
HK50,SELL,Russian,0,-50.92675349585261,2.26821938855372,0.4002740097447741,0.2401644058468645,24.00684361720848,3.500310067883171,18.737164585785145,79.87838949473247,0.004196117210871019,0.002703507783429312,0.003680098363540854,-0.0006895056994619805,0.0005963089392683568,16,2,1.0,1.0,1.0,0.0007457250218588367
HK50,SELL,Russian,0,-66.22646486272788,0.4430561712901159,0.5201094184710057,0.0,25.92638574488472,2.310655378349177,25.956076780318064,70.36367697706177,0.005684499437161416,0.0025459298833612766,0.0032193588215928656,-0.0016070485709575207,0.00042399871536693325,16,2,1.0,1.0,1.0,0.0007713527060425567
HK50,SELL,Russian,0,-51.66290552679129,0.6276186643539912,0.33057776977434605,0.4311883953577517,19.16431941730869,2.621912008104334,20.872546888774245,71.12787246658597,0.004481369275963984,0.0016964650953272577,0.0027943570097778165,-0.002824864483143897,0.0015198541892083607,15,3,-1.0,1.0,-1.0,0.0008308254965320148
HK50,SELL,Russian,1,134.52227938921715,0.6715760582402158,0.31069355007548033,0.04779900770392005,22.22524666280693,2.491421457488776,20.92093639671915,73.57521829460308,0.005348768083608226,0.0018086555223435015,0.0031965695109837386,-0.002224256903634624,0.0020693359434185692,15,3,1.0,-1.0,1.0,0.000822601984535441
HK50,BUY,Russian,0,-47.48199789369028,1.1541884063603083,1.4773611601411947,1.7081988414132563,21.353001337177606,-3.5132966664126375,21.660241830739405,26.011345136510897,0.004142343705727153,-0.0024955302284659932,-0.003471169601265819,0.0033958819374256483,-0.0002917237959102446,4,0,-1.0,1.0,-1.0,0.0008182336119050284
HK50,BUY,Russian,0,-60.29479241543959,0.20674390111230384,1.2404634066738232,0.909673164894137,24.82059965307049,-2.7705026862453543,24.184510271400878,25.298236307272617,0.00526116787861966,-0.0021547678949745013,-0.0034771303422161297,0.003237809866176131,-0.00034000955488006285,4,0,-1.0,-1.0,1.0,0.0008181331694923496
HK50,BUY,Russian,0,-70.89351999058636,0.1361494471919384,1.3809443929468035,0.252848973356457,28.040512374971026,-2.3708016487691737,25.7070452520151,24.494696782855513,0.006187226528660547,-0.0018994583784150533,-0.00349869948119512,0.003049513856008864,-0.0005310449299541902,4,0,-1.0,-1.0,-1.0,0.0007966360891347194
HK50,BUY,Russian,1,150.3627578107662,0.21458682952735253,1.2415380851225395,2.299144602078777,31.79209110498085,-1.9371824017849704,32.62082773401402,26.26033167209657,0.006849740396675172,-0.001397677068606692,-0.003162761466101445,0.0032346741271190734,5.212246757069244e-05,4,0,-1.0,-1.0,-1.0,0.0008196998277533982
HK50,BUY,Russian,1,87.94388785139745,2.0704668471189733,0.9127348049944738,1.1289088377563228,29.395602934491016,-3.3670021746297967,20.8165612793905,29.529104211623064,0.002871623662642603,-0.0021375499121388274,-0.002299483204970076,0.0001929753155422938,-0.0009904301288145444,4,1,-1.0,1.0,1.0,0.000807704342598821
HK50,BUY,Russian,0,-37.10642448879298,1.7830603338943503,0.9188777180807243,0.0,21.158343303002617,-2.9455209489326113,18.283172689281617,22.930216362682373,0.002876002172423526,-0.0014197392150408523,-0.002032667541676401,0.0026973511712468216,-0.001437035837454178,4,0,-1.0,-1.0,-1.0,0.0004674405104221628
