symbol,side,setup,result,result_raw,pnl_pips,fibonacci_fib_1_0,fibonacci_fib_1_618,fibonacci_swing_high,fibonacci_swing_low,liquidity_vwap_dist,microstructure_body_size,microstructure_lower_wick,microstructure_upper_wick,momentum_rsi14,momentum_rsi9,momentum_sar,ohlcv_close,ohlcv_high,ohlcv_low,ohlcv_open,ohlcv_real_volume,ohlcv_tick_volume,regime_z_score,relative_distances_dist_ema9,relative_distances_dist_sma200,relative_distances_dist_sma21,relative_distances_dist_vwap,time_day_of_week,time_hour,time_minute,trend_adx,trend_ema9,trend_sma200,trend_sma21,volatility_atr,volatility_bollinger_bandwidth
GER40,BUY,SAR,0,loss,-12.51,26448.809999999998,26469.0186,26421.75,26389.05,4.700083752093633,6.0,5.0,1.5,55.113900257799344,57.33411261681345,26392.114054399997,26414.6,26416.1,26403.6,26408.6,0.0,161.0,0.9094953033066773,0.00028974512404103287,0.0005087937920622166,0.00023360144456036316,0.00017796673849574288,4,4,25,22.869084947367483,26406.94871536892,26401.167250000002,26408.43095238095,9.850738182073338,0.001074391217119189
USDCHF,BUY,SAR,0,loss,-0.0002,0.8151700000000001,0.8156149600000001,0.81444,0.81372,0.00029033111033116565,0.00014999999999998348,2.0000000000020002e-05,2.0000000000020002e-05,58.274200571554076,60.36085348603177,0.81379557088,0.81427,0.81444,0.81425,0.81442,0.0,204.0,1.2797296149167399,0.0001305898056253022,0.0013560555128077727,0.00026089179366632956,0.0003566810344626908,4,4,25,18.16908936360041,0.8141636785234745,0.8131673,0.814057619047619,0.000165888675802989,0.000853221531560513
NZDUSD,BUY,RompFalso,0,loss,-0.0001,0.58632,0.58677114,0.58599,0.58526,1.0121460563228268e-05,6.999999999990347e-05,4.0000000000040004e-05,9.00000000000345e-05,50.168116348935534,46.11223140561522,0.5859131856,0.58549,0.58558,0.58538,0.58542,0.0,228.0,-0.6256382752646947,-0.0001068546467710927,0.0011138115712608038,-0.00017645920377074278,1.7287460994351676e-05,4,4,25,32.30263574416756,0.5855525690129277,0.5848386,0.5855933333333334,0.00019385763622392424,0.0011253224431152563
USDCHF,BUY,SAR,0,loss,-0.0002,0.8151700000000001,0.8156149600000001,0.81444,0.81372,0.00029033111033116565,0.00014999999999998348,2.0000000000020002e-05,2.0000000000020002e-05,58.274200571554076,60.36085348603177,0.81379557088,0.81427,0.81444,0.81425,0.81442,0.0,204.0,1.2797296149167399,0.0001305898056253022,0.0013560555128077727,0.00026089179366632956,0.0003566810344626908,4,4,25,18.16908936360041,0.8141636785234745,0.8131673,0.814057619047619,0.000165888675802989,0.000853221531560513
NZDUSD,BUY,RompFalso,0,loss,-9e-05,0.58632,0.58677114,0.58599,0.58526,1.0121460563228268e-05,6.999999999990347e-05,4.0000000000040004e-05,9.00000000000345e-05,50.168116348935534,46.11223140561522,0.5859131856,0.58549,0.58558,0.58538,0.58542,0.0,228.0,-0.6256382752646947,-0.0001068546467710927,0.0011138115712608038,-0.00017645920377074278,1.7287460994351676e-05,4,4,25,32.30263574416756,0.5855525690129277,0.5848386,0.5855933333333334,0.00019385763622392424,0.0011253224431152563
HK50,SELL,9.2,0,loss,-75.51,25030.940000000002,24961.106000000003,25256.95,25143.95,-37.66635041113477,38.5,27.5,9.5,27.842804334849504,24.34836501562779,25239.1712224,25171.45,25219.45,25143.95,25209.95,0.0,221.0,-3.289514753605756,-0.0016085459964736578,-0.006641307552536237,-0.0021540692815204873,-0.001494155919135201,4,4,30,20.53944431907252,25212.004669173675,25339.738999999998,25225.7880952381,19.259311892809826,0.0027507190960516462
HK50,SELL,9.2,0,loss,-75.51,25030.940000000002,24961.106000000003,25256.95,25143.95,-30.246240601503814,31.0,35.0,9.5,29.522899090727677,26.18508235716891,25239.1712224,25178.95,25219.45,25143.95,25209.95,0.0,236.0,-3.0682413671361597,-0.0013704825896703454,-0.00634680025690042,-0.0018708858467986241,-0.0011998097961088395,4,4,30,20.53944431907252,25213.504669173675,25339.7765,25226.14523809524,19.259311892809826,0.0025615950818409553
HK50,SELL,9.2,0,loss,-75.51,25030.940000000002,24961.106000000003,25256.95,25143.95,-32.84389233954789,34.0,32.0,9.5,28.827103300899452,25.418116759096364,25239.1712224,25175.95,25219.45,25143.95,25209.95,0.0,250.0,-3.162468033186366,-0.0014657045532264512,-0.006464603070553754,-0.0019841582584713188,-0.001302874404853161,4,4,30,20.53944431907252,25212.904669173673,25339.7615,25226.002380952385,19.259311892809826,0.002635652611535062
HK50,SELL,9.2,0,loss,-75.51,25030.940000000002,24961.106000000003,25256.95,25143.95,-31.665537071268773,33.0,33.0,9.5,29.05536226095822,25.668730614458056,25239.1712224,25176.95,25219.45,25143.95,25209.95,0.0,263.0,-3.131950963311284,-0.0014339633951496998,-0.006425335450506112,-0.0019464006453646994,-0.001256139474407156,4,4,30,20.53944431907252,25213.104669173674,25339.766499999998,25226.050000000003,19.259311892809826,0.0026107184590615537
HK50,SELL,9.2,0,loss,-75.51,25030.940000000002,24961.106000000003,25256.95,25143.95,-34.323841600329615,36.0,30.0,9.5,28.381178162914523,24.93128891184668,25239.1712224,25173.95,25219.45,25143.95,25209.95,0.0,273.0,-3.2209501819359128,-0.0015291883801141638,-0.0065431383571381025,-0.002059673912335614,-0.0013616101529207519,4,4,30,20.53944431907252,25212.504669173675,25339.7515,25225.907142857144,19.259311892809826,0.0026862312994050774
HK50,SELL,9.2,0,loss,-75.51,25030.940000000002,24961.106000000003,25256.95,25143.95,-34.21710392516252,36.0,30.0,9.5,28.381178162914523,24.93128891184668,25239.1712224,25173.95,25219.45,25143.95,25209.95,0.0,279.0,-3.2209501819359128,-0.0015291883801141638,-0.0065431383571381025,-0.002059673912335614,-0.001357381668571793,4,4,30,20.53944431907252,25212.504669173675,25339.7515,25225.907142857144,19.259311892809826,0.0026862312994050774
HK50,SELL,9.2,0,loss,-75.51,25030.940000000002,24961.106000000003,25256.95,25143.95,-29.299717343026714,31.0,35.0,9.5,29.522899090727677,26.18508235716891,25239.1712224,25178.95,25219.45,25143.95,25209.95,0.0,291.0,-3.0682413671361597,-0.0013704825896703454,-0.00634680025690042,-0.0018708858467986241,-0.0011623066921170968,4,4,30,20.53944431907252,25213.504669173675,25339.7765,25226.14523809524,19.259311892809826,0.0025615950818409553
HK50,SELL,9.2,0,loss,-75.51,25030.940000000002,24961.106000000003,25256.95,25143.95,-27.692623772301886,29.5,36.5,9.5,29.883546598233906,26.586187829345675,25239.1712224,25180.45,25219.45,25143.95,25209.95,0.0,303.0,-3.018018749016282,-0.0013228733073534546,-0.006287898902374185,-0.0018142501220621571,-0.0010985586754887135,4,4,30,20.53944431907252,25213.804669173674,25339.784,25226.216666666667,19.259311892809826,0.0025254328285450943
HK50,SELL,9.2,0,loss,-75.51,25030.940000000002,24961.106000000003,25256.95,25143.95,-26.12562263399377,28.0,38.0,9.5,30.253114310292872,26.99977280385272,25239.1712224,25181.95,25219.45,25143.95,25209.95,0.0,313.0,-2.965608179521632,-0.001275265157956799,-0.006228997582714863,-0.0017576147180554552,-0.001036398931243126,4,4,30,20.53944431907252,25214.104669173674,25339.7915,25226.2880952381,19.259311892809826,0.002489881916676595
HK50,SELL,9.2,0,loss,-75.51,25030.940000000002,24961.106000000003,25256.95,25143.95,-31.133967499008577,33.5,32.5,9.5,28.940782712394764,25.542808975675143,25239.1712224,25176.45,25219.45,25143.95,25209.95,0.0,322.0,-3.1473183792788704,-0.001449833911242143,-0.006444969258592878,-0.0019652794340992933,-0.001235103195099961,4,4,30,20.53944431907252,25213.004669173675,25339.764,25226.026190476194,19.259311892809826,0.0026231552290458078
HK50,SELL,9.2,0,loss,-75.51,25030.940000000002,24961.106000000003,25256.95,25143.95,-36.57821118991342,39.5,26.5,9.5,27.633130806452698,24.122757239196588,25239.1712224,25170.45,25219.45,25143.95,25209.95,0.0,332.0,-3.315603191505556,-0.001640289924355866,-0.006680575257814452,-0.002191827678662817,-0.0014511116059954898,4,4,30,20.53944431907252,25211.804669173674,25339.734,25225.74047619048,19.259311892809826,0.002776887558108629
HK50,SELL,9.2,0,loss,-75.51,25030.940000000002,24961.106000000003,25256.95,25143.95,-37.374705882357375,40.5,25.5,9.5,27.426591617113203,23.901291965014963,25239.1712224,25169.45,25219.45,25143.95,25209.95,0.0,340.0,-3.340961055767144,-0.0016720343558780178,-0.0067198429785890225,-0.0022295862183595735,-0.0014827216961458647,4,4,30,20.53944431907252,25211.604669173674,25339.729,25225.692857142858,19.259311892809826,0.0028032604328150617
HK50,SELL,9.2,0,loss,-75.51,25030.940000000002,24961.106000000003,25256.95,25143.95,-33.42780696633781,36.5,29.5,9.5,28.271844197814005,24.812481849562843,25239.1712224,25173.45,25219.45,25143.95,25209.95,0.0,353.0,-3.2350566681143076,-0.001545059651580986,-0.0065627721884695496,-0.0020785529148963124,-0.0013261383350340787,4,4,30,20.53944431907252,25212.404669173673,25339.749,25225.883333333335,19.259311892809826,0.002699019124086312
HK50,SELL,9.2,0,loss,-75.51,25030.940000000002,24961.106000000003,25256.95,25143.95,-33.795520651543484,37.0,29.0,9.5,28.16334938336624,24.69480173849412,25239.1712224,25172.95,25219.45,25143.95,25209.95,0.0,359.0,-3.2489634661205997,-0.0015609310489489493,-0.006582406023674971,-0.0020974319530950476,-0.0013407332026998595,4,4,30,20.53944431907252,25212.304669173674,25339.746499999997,25225.859523809526,19.259311892809826,0.002711862596580435
HK50,SELL,9.2,0,loss,-75.51,25030.940000000002,24961.106000000003,25256.95,25143.95,-23.89525462963502,26.5,39.5,9.5,30.631937317567917,27.42642889185099,25239.1712224,25183.45,25219.45,25143.95,25209.95,0.0,368.0,-2.910922108031427,-0.0012276581414399402,-0.0061700962979224245,-0.0017009796347755056,-0.0009479480837136693,4,4,30,20.53944431907252,25214.404669173673,25339.799,25226.359523809526,19.259311892809826,0.0024549688847038476
HK50,SELL,9.2,0,loss,-75.51,25030.940000000002,24961.106000000003,25256.95,25143.95,-12.132375478926406,14.0,52.0,9.5,34.200721460394476,31.585808841188822,25239.1712224,25195.95,25219.45,25143.95,25209.95,0.0,380.0,-2.3552299991930234,-0.0008309770548202243,-0.005679253613915702,-0.0012290330797905954,-0.0004812891079223119,4,4,30,20.53944431907252,25216.904669173673,25339.8615,25226.954761904763,19.259311892809826,0.0021927784431141103
HK50,SELL,9.2,0,loss,-75.51,25030.940000000002,24961.106000000003,25256.95,25143.95,0.9307780320305028,0.0,66.0,9.5,39.97772523242953,39.012051792162595,25239.1712224,25209.95,25219.45,25143.95,25209.95,0.0,388.0,-1.4890169158248614,-0.00038678760523307994,-0.0051295126823842465,-0.000700479378187276,3.692242144904202e-05,4,4,30,20.53944431907252,25219.704669173676,25339.9315,25227.62142857143,19.259311892809826,0.0019773584919269165
HK50,SELL,9.2,0,loss,-75.51,25030.940000000002,24961.106000000003,25256.95,25143.95,-15.083475137078494,17.5,48.5,9.5,33.12028817770232,30.299194337579365,25239.1712224,25192.45,25219.45,25143.95,25209.95,0.0,403.0,-2.5301517647503555,-0.0009420398305505045,-0.00581668932137059,-0.0013611758702083592,-0.0005983717189924895,4,4,30,20.53944431907252,25216.204669173676,25339.843999999997,25226.7880952381,19.259311892809826,0.002260502823089394
HK50,SELL,9.2,0,loss,-75.51,25030.940000000002,24961.106000000003,25256.95,25143.95,-9.3890765765791,11.5,54.5,9.5,35.01664669666309,32.57381101187288,25239.1712224,25198.45,25219.45,25143.95,25209.95,0.0,416.0,-2.220314681674534,-0.0007516502757654089,-0.005581085367669905,-0.001134646441356397,-0.0003724665390022876,4,4,30,20.53944431907252,25217.404669173673,25339.874,25227.073809523812,19.259311892809826,0.0021474899271820952
HK50,SELL,9.2,0,loss,-75.51,25030.940000000002,24961.106000000003,25256.95,25143.95,-10.608193668529566,13.0,53.0,9.5,34.52248576407138,31.973729233755734,25239.1712224,25196.95,25219.45,25143.95,25209.95,0.0,430.0,-2.302278740630494,-0.0007992459657079841,-0.005639986303795221,-0.0011912783175172187,-0.0004208338462229183,4,4,30,20.53944431907252,25217.104669173674,25339.8665,25227.002380952385,19.259311892809826,0.002174342541863252
HK50,SELL,9.2,0,loss,-75.51,25030.940000000002,24961.106000000003,25256.95,25143.95,-6.818703703705978,9.0,57.0,9.5,35.87245439839357,33.625618297726675,25239.1712224,25200.95,25219.45,25143.95,25209.95,0.0,440.0,-2.076847184250812,-0.0006723266423636561,-0.005482917218275614,-0.0010402606937468595,-0.00027050009002598175,4,4,30,20.53944431907252,25217.904669173673,25339.8865,25227.192857142858,19.259311892809826,0.0021049621867622443
HK50,SELL,9.2,0,loss,-75.51,25030.940000000002,24961.106000000003,25256.95,25143.95,-9.942662241890503,12.5,53.5,9.5,34.685649043021996,32.17128468416084,25239.1712224,25197.45,25219.45,25143.95,25209.95,0.0,448.0,-2.2752973499713143,-0.0007833806098986045,-0.005620352654546006,-0.0011724009898304512,-0.00039443437784755894,4,4,30,20.53944431907252,25217.204669173676,25339.869,25227.026190476194,19.259311892809826,0.00216528349886273
HK50,SELL,9.2,0,loss,-75.51,25030.940000000002,24961.106000000003,25256.95,25143.95,-13.987786960515223,17.0,49.0,9.5,33.270437424301306,30.47654143320962,25239.1712224,25192.95,25219.45,25143.95,25209.95,0.0,455.0,-2.5061359852509724,-0.0009261733422115682,-0.005797055637254903,-0.0013422982218183057,-0.0005549181371705955,4,4,30,20.53944431907252,25216.304669173674,25339.8465,25226.811904761907,19.259311892809826,0.0022505336590900576
HK50,SELL,9.2,0,loss,-75.51,25030.940000000002,24961.106000000003,25256.95,25143.95,-3.3467579908719927,5.5,60.5,9.5,37.14335262363684,35.217666507684996,25239.1712224,25204.45,25219.45,25143.95,25209.95,0.0,465.0,-1.8614301138985776,-0.0005612788399421318,-0.005345481971833749,-0.0009081221436553108,-0.00013276677938190177,4,4,30,20.53944431907252,25218.604669173674,25339.904,25227.359523809526,19.259311892809826,0.00205038621995984
HK50,SELL,9.2,0,loss,-75.51,25030.940000000002,24961.106000000003,25256.95,25143.95,-7.368229734645865,10.0,56.0,9.5,35.52516008583382,33.19684824271113,25239.1712224,25199.95,25219.45,25143.95,25209.95,0.0,474.0,-2.13527005078514,-0.0007040557182580801,-0.0055221844664111305,-0.0010780148858925052,-0.00029230518167356153,4,4,30,20.53944431907252,25217.704669173676,25339.8815,25227.14523809524,19.259311892809826,0.0021216311303880932
HK50,SELL,9.2,0,loss,-75.51,25030.940000000002,24961.106000000003,25256.95,25143.95,4.144070860445936,2.5,66.0,7.0,41.45187675567665,40.99415101696408,25239.1712224,25212.45,25219.45,25143.95,25209.95,0.0,484.0,-1.306726470140844,-0.00030747843942573714,-0.005031344978505035,-0.0006060977282095531,0.00016439307235063325,4,4,30,20.53944431907252,25220.204669173676,25339.944,25227.74047619048,19.259311892809826,0.0019497159338355892
HK50,SELL,9.2,0,loss,-75.51,25030.940000000002,24961.106000000003,25256.95,25143.95,4.6878820568126685,3.0,66.0,6.5,41.7380602684979,41.37521040142312,25239.1712224,25212.95,25219.45,25143.95,25209.95,0.0,494.0,-1.2693580362793073,-0.0002916169836228519,-0.005011711449351224,-0.0005872215051048853,0.00018596609456372813,4,4,30,20.53944431907252,25220.304669173674,25339.9465,25227.76428571429,19.259311892809826,0.0019446251831861491
HK50,SELL,9.2,0,loss,-75.51,25030.940000000002,24961.106000000003,25256.95,25143.95,1.125872249056556,1.0,65.0,9.5,39.36706771147656,38.18141845894109,25239.1712224,25208.95,25219.45,25143.95,25209.95,0.0,503.0,-1.5597250855955533,-0.0004185121520874149,-0.005168779791054131,-0.000738232287592419,4.4663602988926717e-05,4,4,30,20.53944431907252,25219.504669173675,25339.926499999998,25227.573809523812,19.259311892809826,0.0019894141168308624
HK50,SELL,9.2,0,loss,-75.51,25030.940000000002,24961.106000000003,25256.95,25143.95,-8.799839657938719,12.0,54.0,9.5,34.850361959955706,32.37129657606522,25239.1712224,25197.95,25219.45,25143.95,25209.95,0.0,511.0,-2.2479765099366347,-0.000767515379918197,-0.005600719009170854,-0.0011535236977768776,-0.0003491064779836818,4,4,30,20.53944431907252,25217.304669173674,25339.871499999997,25227.050000000003,19.259311892809826,0.002156332178574829
HK50,SELL,9.2,0,loss,-75.51,25030.940000000002,24961.106000000003,25256.95,25143.95,-2.8626823194608733,5.5,60.5,9.5,37.14335262363684,35.217666507684996,25239.1712224,25204.45,25219.45,25143.95,25209.95,0.0,514.0,-1.8614301138985776,-0.0005612788399421318,-0.005345481971833749,-0.0009081221436553108,-0.00011356554962992042,4,4,30,20.53944431907252,25218.604669173674,25339.904,25227.359523809526,19.259311892809826,0.00205038621995984
HK50,SELL,9.2,0,loss,-75.51,25030.940000000002,24961.106000000003,25256.95,25143.95,4.465798334218562,2.5,66.0,7.0,41.45187675567665,40.99415101696408,25239.1712224,25212.45,25219.45,25143.95,25209.95,0.0,521.0,-1.306726470140844,-0.00030747843942573714,-0.005031344978505035,-0.0006060977282095531,0.00017715809001195165,4,4,30,20.53944431907252,25220.204669173676,25339.944,25227.74047619048,19.259311892809826,0.0019497159338355892
HK50,SELL,9.2,0,loss,-75.51,25030.940000000002,24961.106000000003,25256.95,25143.95,-0.8786116983792454,3.5,62.5,9.5,37.91084685188127,36.19697649385959,25239.1712224,25206.45,25219.45,25143.95,25209.95,0.0,532.0,-1.7307261565581207,-0.0004978257206566373,-0.005266947630524711,-0.0008326151846471848,-3.485540700935257e-05,4,4,30,20.53944431907252,25219.004669173675,25339.914,25227.454761904763,19.259311892809826,0.0020219604398152577
HK50,SELL,9.2,0,loss,-75.51,25030.940000000002,24961.106000000003,25256.95,25143.95,-2.606610555852967,5.5,60.5,9.5,37.14335262363684,35.217666507684996,25239.1712224,25204.45,25219.45,25143.95,25209.95,0.0,541.0,-1.8614301138985776,-0.0005612788399421318,-0.005345481971833749,-0.0009081221436553108,-0.0001034079700825287,4,4,30,20.53944431907252,25218.604669173674,25339.904,25227.359523809526,19.259311892809826,0.00205038621995984
HK50,SELL,9.2,0,loss,-75.51,25030.940000000002,24961.106000000003,25256.95,25143.95,1.5625871687552717,1.0,65.0,9.5,39.36706771147656,38.18141845894109,25239.1712224,25208.95,25219.45,25143.95,25209.95,0.0,552.0,-1.5597250855955533,-0.0004185121520874149,-0.005168779791054131,-0.000738232287592419,6.198925510066435e-05,4,4,30,20.53944431907252,25219.504669173675,25339.926499999998,25227.573809523812,19.259311892809826,0.0019894141168308624
HK50,SELL,9.2,0,loss,-75.51,25030.940000000002,24961.106000000003,25256.95,25143.95,-2.3941441441456845,5.5,60.5,9.5,37.14335262363684,35.217666507684996,25239.1712224,25204.45,25219.45,25143.95,25209.95,0.0,564.0,-1.8614301138985776,-0.0005612788399421318,-0.005345481971833749,-0.0009081221436553108,-9.497992412119837e-05,4,4,30,20.53944431907252,25218.604669173674,25339.904,25227.359523809526,19.259311892809826,0.00205038621995984
HK50,SELL,9.2,0,loss,-75.51,25030.940000000002,24961.106000000003,25256.95,25143.95,-6.80868665977323,10.5,55.5,9.5,35.35402249371623,32.98653776622315,25239.1712224,25199.45,25219.45,25143.95,25209.95,0.0,574.0,-2.1639626221537576,-0.0007199204449368472,-0.005541818096290045,-0.0010968920354143116,-0.0002701188916773546,4,4,30,20.53944431907252,25217.604669173674,25339.879,25227.12142857143,19.259311892809826,0.002130138043795187
HK50,SELL,9.2,0,loss,-75.51,25030.940000000002,24961.106000000003,25256.95,25143.95,-3.1133401920451433,6.5,59.5,9.5,36.7711420084571,34.74761773102075,25239.1712224,25203.45,25219.45,25143.95,25209.95,0.0,584.0,-1.9247139233987824,-0.0005930061544278612,-0.005384749165732543,-0.0009458758369496592,-0.0001235130767343004,4,4,30,20.53944431907252,25218.404669173673,25339.898999999998,25227.311904761907,19.259311892809826,0.0020653656563428963
HK50,SELL,9.2,0,loss,-75.51,25030.940000000002,24961.106000000003,25256.95,25143.95,-6.65572649573005,10.5,55.5,9.5,35.35402249371623,32.98653776622315,25239.1712224,25199.45,25219.45,25143.95,25209.95,0.0,590.0,-2.1639626221537576,-0.0007199204449368472,-0.005541818096290045,-0.0010968920354143116,-0.0002640521533928899,4,4,30,20.53944431907252,25217.604669173674,25339.879,25227.12142857143,19.259311892809826,0.002130138043795187
HK50,SELL,9.2,0,loss,-75.51,25030.940000000002,24961.106000000003,25256.95,25143.95,-12.387982321946765,17.0,49.0,9.5,33.270437424301306,30.47654143320962,25239.1712224,25192.95,25219.45,25143.95,25209.95,0.0,601.0,-2.5061359852509724,-0.0009261733422115682,-0.005797055637254903,-0.0013422982218183057,-0.0004914824919481428,4,4,30,20.53944431907252,25216.304669173674,25339.8465,25226.811904761907,19.259311892809826,0.0022505336590900576
HK50,SELL,9.2,0,loss,-75.51,25030.940000000002,24961.106000000003,25256.95,25143.95,-13.652530895549717,18.5,47.5,9.5,32.82401905037399,29.950620950436758,25239.1712224,25191.45,25219.45,25143.95,25209.95,0.0,609.0,-2.5772329706372137,-0.0009737731847619909,-0.0058559567012244716,-0.001398931273891176,-0.0005416574234845866,4,4,30,20.53944431907252,25216.004669173675,25339.839,25226.74047619048,19.259311892809826,0.002280723949216391
HK50,SELL,9.2,0,loss,-75.51,25030.940000000002,24961.106000000003,25256.95,25143.95,-12.685053981109377,17.5,48.5,9.5,33.12028817770232,30.299194337579365,25239.1712224,25192.45,25219.45,25143.95,25209.95,0.0,616.0,-2.5301517647503555,-0.0009420398305505045,-0.00581668932137059,-0.0013611758702083592,-0.0005032726051236053,4,4,30,20.53944431907252,25216.204669173676,25339.843999999997,25226.7880952381,19.259311892809826,0.002260502823089394
HK50,SELL,9.2,0,loss,-75.51,25030.940000000002,24961.106000000003,25256.95,25143.95,-8.986418511070951,13.5,52.5,9.5,34.360850356736705,31.778585247945742,25239.1712224,25196.45,25219.45,25143.95,25209.95,0.0,628.0,-2.3289223560879035,-0.0008151114473481212,-0.005659619956918357,-0.0012101556808372812,-0.00035652699528230565,4,4,30,20.53944431907252,25217.004669173675,25339.863999999998,25226.978571428575,19.259311892809826,0.0021835079676573417
HK50,SELL,9.2,0,loss,-75.51,25030.940000000002,24961.106000000003,25256.95,25143.95,-11.582623935904849,16.5,49.5,9.5,33.42195425969338,30.655976846470324,25239.1712224,25193.45,25219.45,25143.95,25209.95,0.0,637.0,-2.481799921054158,-0.0009103069797152217,-0.005777421957013146,-0.001323420609062354,-0.0004595361612389041,4,4,30,20.53944431907252,25216.404669173673,25339.849,25226.835714285717,19.259311892809826,0.0022406604416249066
HK50,SELL,9.2,0,loss,-75.51,25030.940000000002,24961.106000000003,25256.95,25143.95,-15.96899418121393,21.5,44.5,9.5,31.96618293452711,28.95141681554766,25239.1712224,25188.45,25219.45,25143.95,25209.95,0.0,645.0,-2.711074841080579,-0.0010689762677743146,-0.005973758933763699,-0.0015121983401684242,-0.0006335791428043071,4,4,30,20.53944431907252,25215.404669173673,25339.824,25226.59761904762,19.259311892809826,0.002343560904778255
HK50,SELL,9.2,0,loss,-75.51,25030.940000000002,24961.106000000003,25256.95,25143.95,-17.256384742951923,23.0,43.0,9.5,31.553862270675694,28.476405920290745,25239.1712224,25186.95,25219.45,25143.95,25209.95,0.0,650.0,-2.7739785787070583,-0.001116579508317214,-0.00603266010233342,-0.0015688323543783947,-0.0006846628883898465,4,4,30,20.53944431907252,25215.104669173674,25339.8165,25226.526190476194,19.259311892809826,0.0023761426548758683
HK50,SELL,9.2,0,loss,-75.51,25030.940000000002,24961.106000000003,25256.95,25143.95,-16.708085808586475,22.5,43.5,9.5,31.690115526165926,28.63300145343213,25239.1712224,25187.45,25219.45,25143.95,25209.95,0.0,660.0,-2.75330006221941,-0.0011007116356111161,-0.006013026375602713,-0.0015499543140065598,-0.0006629098957284395,4,4,30,20.53944431907252,25215.204669173676,25339.819,25226.550000000003,19.259311892809826,0.00236519902249507
HK50,SELL,9.2,0,loss,-75.51,25030.940000000002,24961.106000000003,25256.95,25143.95,-18.356041974097025,24.5,41.5,9.5,31.15204291546702,28.016730583452954,25239.1712224,25185.45,25219.45,25143.95,25209.95,0.0,673.0,-2.8343156952035025,-0.0011641838816051297,-0.006091561305769777,-0.0016254666893060366,-0.0007283043657583741,4,4,30,20.53944431907252,25214.804669173674,25339.808999999997,25226.454761904763,19.259311892809826,0.0024094582503408103
HK50,SELL,9.2,0,loss,-75.51,25030.940000000002,24961.106000000003,25256.95,25143.95,-11.14545602871658,16.5,49.5,9.5,33.42195425969338,30.655976846470324,25239.1712224,25193.45,25219.45,25143.95,25209.95,0.0,683.0,-2.481799921054158,-0.0009103069797152217,-0.005777421957013146,-0.001323420609062354,-0.0004421993619441603,4,4,30,20.53944431907252,25216.404669173673,25339.849,25226.835714285717,19.259311892809826,0.0022406604416249066
HK50,SELL,9.2,0,loss,-75.51,25030.940000000002,24961.106000000003,25256.95,25143.95,-9.767089843753638,15.0,51.0,9.5,33.88489973071009,31.207188483243556,25239.1712224,25194.95,25219.45,25143.95,25209.95,0.0,688.0,-2.4068451839558285,-0.0008627086472670375,-0.005718520939532445,-0.0012667879845981026,-0.0003875103937464662,4,4,30,20.53944431907252,25216.704669173676,25339.856499999998,25226.907142857144,19.259311892809826,0.0022116292473986993
HK50,SELL,9.2,0,loss,-75.51,25030.940000000002,24961.106000000003,25256.95,25143.95,-4.790108466895617,9.5,56.5,9.5,35.69796258266389,33.409857656824215,25239.1712224,25200.45,25219.45,25143.95,25209.95,0.0,699.0,-2.1062318247742935,-0.0006881911174008006,-0.005502550840406273,-0.001059137772003388,-0.00019004415138606568,4,4,30,20.53944431907252,25217.804669173674,25339.884,25227.16904761905,19.259311892809826,0.0021132387218129657
HK50,SELL,9.2,0,loss,-75.51,25030.940000000002,24961.106000000003,25256.95,25143.95,-2.975613695089123,7.5,58.5,9.5,36.40631716761163,34.28995113408885,25239.1712224,25202.45,25219.45,25143.95,25209.95,0.0,704.0,-1.9866098682351672,-0.0006247339721583536,-0.005424016375127674,-0.0009836296727719408,-0.00011805449115179219,4,4,30,20.53944431907252,25218.204669173676,25339.894,25227.26428571429,19.259311892809826,0.0020808415436215696
HK50,SELL,9.2,0,loss,-75.51,25030.940000000002,24961.106000000003,25256.95,25143.95,-1.5825289575295756,6.0,60.0,9.5,36.95631014707394,34.98106315162018,25239.1712224,25203.95,25219.45,25143.95,25209.95,0.0,712.0,-1.8932452178526036,-0.0005771424342802396,-0.005365115566846193,-0.0009269989724865438,-6.278498403917781e-05,4,4,30,20.53944431907252,25218.504669173675,25339.9015,25227.335714285717,19.259311892809826,0.002057813196232351
HK50,SELL,9.2,0,loss,-75.51,25030.940000000002,24961.106000000003,25256.95,25143.95,5.557532051276212,2.0,66.0,7.5,41.162867889350686,40.60810547334422,25239.1712224,25211.95,25219.45,25143.95,25209.95,0.0,720.0,-1.3437980308138806,-0.00032334002101269677,-0.005050978511532874,-0.0006249739869442441,0.0002204810568724942,4,4,30,20.53944431907252,25220.104669173674,25339.9415,25227.716666666667,19.259311892809826,0.00195495419969688
HK50,SELL,9.2,0,loss,-75.51,25030.940000000002,24961.106000000003,25256.95,25143.95,1.6364942528707616,2.5,63.5,9.5,38.427422614455274,36.89216024912124,25239.1712224,25207.45,25219.45,25143.95,25209.95,0.0,728.0,-1.6633290771749858,-0.00046609991583292706,-0.005227680483114304,-0.0007948619189319373,6.492527021584237e-05,4,4,30,20.53944431907252,25219.204669173676,25339.918999999998,25227.502380952385,19.259311892809826,0.0020085357783594395
HK50,SELL,9.2,0,loss,-75.51,25030.940000000002,24961.106000000003,25256.95,25143.95,3.005730659024266,1.0,65.0,9.5,39.36706771147656,38.18141845894109,25239.1712224,25208.95,25219.45,25143.95,25209.95,0.0,734.0,-1.5597250855955533,-0.0004185121520874149,-0.005168779791054131,-0.000738232287592419,0.00011924689775182354,4,4,30,20.53944431907252,25219.504669173675,25339.926499999998,25227.573809523812,19.259311892809826,0.0019894141168308624
HK50,SELL,9.2,0,loss,-75.51,25030.940000000002,24961.106000000003,25256.95,25143.95,-1.789406914052961,6.5,59.5,9.5,36.7711420084571,34.74761773102075,25239.1712224,25203.45,25219.45,25143.95,25209.95,0.0,742.0,-1.9247139233987824,-0.0005930061544278612,-0.005384749165732543,-0.0009458758369496592,-7.099345041579364e-05,4,4,30,20.53944431907252,25218.404669173673,25339.898999999998,25227.311904761907,19.259311892809826,0.0020653656563428963
HK50,SELL,9.2,0,loss,-75.51,25030.940000000002,24961.106000000003,25256.95,25143.95,-5.27804144914262,10.5,55.5,9.5,35.35402249371623,32.98653776622315,25239.1712224,25199.45,25219.45,25143.95,25209.95,0.0,747.0,-2.1639626221537576,-0.0007199204449368472,-0.005541818096290045,-0.0010968920354143116,-0.00020940680020283843,4,4,30,20.53944431907252,25217.604669173674,25339.879,25227.12142857143,19.259311892809826,0.002130138043795187
HK50,SELL,9.2,0,loss,-75.51,25030.940000000002,24961.106000000003,25256.95,25143.95,-10.033050047219149,16.0,50.0,9.5,33.57485745375892,30.837537681710998,25239.1712224,25193.95,25219.45,25143.95,25209.95,0.0,758.0,-2.457141045248991,-0.0008944407430601118,-0.005757788280645605,-0.0013045430319404037,-0.0003980739880397734,4,4,30,20.53944431907252,25216.504669173675,25339.8515,25226.859523809526,19.259311892809826,0.002230884443746699
HK50,SELL,9.2,0,loss,-75.51,25030.940000000002,24961.106000000003,25256.95,25143.95,-8.636342266105203,14.5,51.5,9.5,34.04207811075449,31.395357186402336,25239.1712224,25195.45,25219.45,25143.95,25209.95,0.0,767.0,-2.3812035949255685,-0.0008468427881260787,-0.005698887274787111,-0.0012479105143775502,-0.0003426564307400602,4,4,30,20.53944431907252,25216.804669173674,25339.859,25226.930952380953,19.259311892809826,0.002202152642389258
HK50,SELL,9.2,0,loss,-75.51,25030.940000000002,24961.106000000003,25256.95,25143.95,-12.973445798190369,19.5,46.5,9.5,32.53300333051111,29.609976584899613,25239.1712224,25190.45,25219.45,25143.95,25209.95,0.0,774.0,-2.623065251640906,-0.0010055070423618028,-0.005895224096574516,-0.0014366868201114676,-0.0005147493484800077,4,4,30,20.53944431907252,25215.804669173674,25339.834,25226.692857142858,19.259311892809826,0.0023013138426930943
HK50,SELL,9.2,0,loss,-75.51,25030.940000000002,24961.106000000003,25256.95,25143.95,-12.024898848430894,18.5,47.5,9.5,32.82401905037399,29.950620950436758,25239.1712224,25191.45,25219.45,25143.95,25209.95,0.0,782.0,-2.5772329706372137,-0.0009737731847619909,-0.0058559567012244716,-0.001398931273891176,-0.00047711273531493554,4,4,30,20.53944431907252,25216.004669173675,25339.839,25226.74047619048,19.259311892809826,0.002280723949216391
HK50,SELL,9.2,0,loss,-75.51,25030.940000000002,24961.106000000003,25256.95,25143.95,-14.570786864933325,21.5,44.5,9.5,31.96618293452711,28.95141681554766,25239.1712224,25188.45,25219.45,25143.95,25209.95,0.0,792.0,-2.711074841080579,-0.0010689762677743146,-0.005973758933763699,-0.0015121983401684242,-0.0005781365253060136,4,4,30,20.53944431907252,25215.404669173673,25339.824,25226.59761904762,19.259311892809826,0.002343560904778255
HK50,SELL,9.2,0,loss,-75.51,25030.940000000002,24961.106000000003,25256.95,25143.95,-16.718667902950983,24.0,42.0,9.5,31.284840758443465,28.168297835678146,25239.1712224,25185.95,25219.45,25143.95,25209.95,0.0,797.0,-2.8144832036335474,-0.0011483156313127232,-0.006071927567416951,-0.0016065885420281044,-0.0006633689520444781,4,4,30,20.53944431907252,25214.904669173673,25339.8115,25226.478571428575,19.259311892809826,0.002398273386135032
HK50,SELL,9.2,0,loss,-75.51,25030.940000000002,24961.106000000003,25256.95,25143.95,-16.199445983384066,23.5,42.5,9.5,31.41877565469491,28.321513930343187,25239.1712224,25186.45,25219.45,25143.95,25209.95,0.0,806.0,-2.794371898790651,-0.0011324475068840132,-0.00605229383293807,-0.0015877104303855427,-0.0006427675795794484,4,4,30,20.53944431907252,25215.004669173675,25339.814,25226.502380952385,19.259311892809826,0.0023871678172997183
HK50,SELL,9.2,0,loss,-75.51,25030.940000000002,24961.106000000003,25256.95,25143.95,-16.556858237549022,24.0,42.0,9.5,31.284840758443465,28.168297835678146,25239.1712224,25185.95,25219.45,25143.95,25209.95,0.0,815.0,-2.8144832036335474,-0.0011483156313127232,-0.006071927567416951,-0.0016065885420281044,-0.0006569528313465111,4,4,30,20.53944431907252,25214.904669173673,25339.8115,25226.478571428575,19.259311892809826,0.002398273386135032
HK50,SELL,9.2,0,loss,-75.51,25030.940000000002,24961.106000000003,25256.95,25143.95,-18.68072105102692,26.5,39.5,9.5,30.631937317567917,27.42642889185099,25239.1712224,25183.45,25219.45,25143.95,25209.95,0.0,822.0,-2.910922108031427,-0.0012276581414399402,-0.0061700962979224245,-0.0017009796347755056,-0.0007412357811247739,4,4,30,20.53944431907252,25214.404669173673,25339.799,25226.359523809526,19.259311892809826,0.0024549688847038476
HK50,SELL,9.2,0,loss,-75.51,25030.940000000002,24961.106000000003,25256.95,25143.95,-17.77932875667466,25.5,40.5,9.5,30.889800958163278,27.718437275259802,25239.1712224,25184.45,25219.45,25143.95,25209.95,0.0,825.0,-2.87315712995552,-0.0011959207597864452,-0.0061308287940979875,-0.0016632230907691365,-0.0007054665095197664,4,4,30,20.53944431907252,25214.604669173674,25339.804,25226.407142857144,19.259311892809826,0.002432061484105622
HK50,SELL,9.2,0,loss,-75.51,25030.940000000002,24961.106000000003,25256.95,25143.95,-16.84321776156139,24.5,41.5,9.5,31.15204291546702,28.016730583452954,25239.1712224,25185.45,25219.45,25143.95,25209.95,0.0,832.0,-2.8343156952035025,-0.0011641838816051297,-0.006091561305769777,-0.0016254666893060366,-0.0006683208395373707,4,4,30,20.53944431907252,25214.804669173674,25339.808999999997,25226.454761904763,19.259311892809826,0.0024094582503408103
HK50,SELL,9.2,0,loss,-75.51,25030.940000000002,24961.106000000003,25256.95,25143.95,-14.188676381301775,21.5,44.5,9.5,31.96618293452711,28.95141681554766,25239.1712224,25188.45,25219.45,25143.95,25209.95,0.0,836.0,-2.711074841080579,-0.0010689762677743146,-0.005973758933763699,-0.0015121983401684242,-0.0005629837638627387,4,4,30,20.53944431907252,25215.404669173673,25339.824,25226.59761904762,19.259311892809826,0.002343560904778255
HK50,SELL,9.2,0,loss,-75.51,25030.940000000002,24961.106000000003,25256.95,25143.95,-15.891488717254106,23.5,42.5,9.5,31.41877565469491,28.321513930343187,25239.1712224,25186.45,25219.45,25143.95,25209.95,0.0,841.0,-2.794371898790651,-0.0011324475068840132,-0.00605229383293807,-0.0015877104303855427,-0.0006305560427537461,4,4,30,20.53944431907252,25215.004669173675,25339.814,25226.502380952385,19.259311892809826,0.0023871678172997183
HK50,SELL,9.2,0,loss,-75.51,25030.940000000002,24961.106000000003,25256.95,25143.95,-17.13903985507568,25.0,41.0,9.5,31.020367707283313,27.866785699969697,25239.1712224,25184.95,25219.45,25143.95,25209.95,0.0,848.0,-2.8538725928378756,-0.0011800522577625858,-0.006111195047996837,-0.0016443448722197284,-0.0006800642529264803,4,4,30,20.53944431907252,25214.704669173676,25339.8065,25226.430952380953,19.259311892809826,0.002420721311544291
HK50,SELL,9.2,0,loss,-75.51,25030.940000000002,24961.106000000003,25256.95,25143.95,-16.668324291746103,24.5,41.5,9.5,31.15204291546702,28.016730583452954,25239.1712224,25185.45,25219.45,25143.95,25209.95,0.0,852.0,-2.8343156952035025,-0.0011641838816051297,-0.006091561305769777,-0.0016254666893060366,-0.000661385843732028,4,4,30,20.53944431907252,25214.804669173674,25339.808999999997,25226.454761904763,19.259311892809826,0.0024094582503408103
HK50,SELL,9.2,0,loss,-75.51,25030.940000000002,24961.106000000003,25256.95,25143.95,-15.736893495573895,23.5,42.5,9.5,31.41877565469491,28.321513930343187,25239.1712224,25186.45,25219.45,25143.95,25209.95,0.0,859.0,-2.794371898790651,-0.0011324475068840132,-0.00605229383293807,-0.0015877104303855427,-0.0006244257120256269,4,4,30,20.53944431907252,25215.004669173675,25339.814,25226.502380952385,19.259311892809826,0.0023871678172997183
HK50,SELL,9.2,0,loss,-75.51,25030.940000000002,24961.106000000003,25256.95,25143.95,-16.56489808153856,24.5,41.5,9.5,31.15204291546702,28.016730583452954,25239.1712224,25185.45,25219.45,25143.95,25209.95,0.0,864.0,-2.8343156952035025,-0.0011641838816051297,-0.006091561305769777,-0.0016254666893060366,-0.0006572846714252015,4,4,30,20.53944431907252,25214.804669173674,25339.808999999997,25226.454761904763,19.259311892809826,0.0024094582503408103
HK50,SELL,9.2,0,loss,-75.51,25030.940000000002,24961.106000000003,25256.95,25143.95,-9.973267622463027,17.0,49.0,9.5,33.270437424301306,30.47654143320962,25239.1712224,25192.95,25219.45,25143.95,25209.95,0.0,872.0,-2.5061359852509724,-0.0009261733422115682,-0.005797055637254903,-0.0013422982218183057,-0.0003957186837637768,4,4,30,20.53944431907252,25216.304669173674,25339.8465,25226.811904761907,19.259311892809826,0.0022505336590900576
HK50,SELL,9.2,0,loss,-75.51,25030.940000000002,24961.106000000003,25256.95,25143.95,-9.460898007735523,16.5,49.5,9.5,33.42195425969338,30.655976846470324,25239.1712224,25193.45,25219.45,25143.95,25209.95,0.0,882.0,-2.481799921054158,-0.0009103069797152217,-0.005777421957013146,-0.001323420609062354,-0.00037538909874428023,4,4,30,20.53944431907252,25216.404669173673,25339.849,25226.835714285717,19.259311892809826,0.0022406604416249066
HK50,SELL,9.2,0,loss,-75.51,25030.940000000002,24961.106000000003,25256.95,25143.95,-6.78757589219822,13.5,52.5,9.5,34.360850356736705,31.778585247945742,25239.1712224,25196.45,25219.45,25143.95,25209.95,0.0,891.0,-2.3289223560879035,-0.0008151114473481212,-0.005659619956918357,-0.0012101556808372812,-0.00026931364955630856,4,4,30,20.53944431907252,25217.004669173675,25339.863999999998,25226.978571428575,19.259311892809826,0.0021835079676573417
HK50,SELL,9.2,0,loss,-75.51,25030.940000000002,24961.106000000003,25256.95,25143.95,-5.883126477543556,12.5,53.5,9.5,34.685649043021996,32.17128468416084,25239.1712224,25197.45,25219.45,25143.95,25209.95,0.0,896.0,-2.2752973499713143,-0.0007833806098986045,-0.005620352654546006,-0.0011724009898304512,-0.0002334265252941086,4,4,30,20.53944431907252,25217.204669173676,25339.869,25227.026190476194,19.259311892809826,0.00216528349886273
HK50,SELL,9.2,0,loss,-75.51,25030.940000000002,24961.106000000003,25256.95,25143.95,-7.5369063373073,14.5,51.5,9.5,34.04207811075449,31.395357186402336,25239.1712224,25195.45,25219.45,25143.95,25209.95,0.0,907.0,-2.3812035949255685,-0.0008468427881260787,-0.005698887274787111,-0.0012479105143775502,-0.0002990481392271858,4,4,30,20.53944431907252,25216.804669173674,25339.859,25226.930952380953,19.259311892809826,0.002202152642389258
HK50,SELL,9.2,0,loss,-75.51,25030.940000000002,24961.106000000003,25256.95,25143.95,-5.753444737616519,12.5,53.5,9.5,34.685649043021996,32.17128468416084,25239.1712224,25197.45,25219.45,25143.95,25209.95,0.0,914.0,-2.2752973499713143,-0.0007833806098986045,-0.005620352654546006,-0.0011724009898304512,-0.00022828227968051527,4,4,30,20.53944431907252,25217.204669173676,25339.869,25227.026190476194,19.259311892809826,0.00216528349886273
HK50,SELL,9.2,0,loss,-75.51,25030.940000000002,24961.106000000003,25256.95,25143.95,1.2133040935659665,4.5,61.5,9.5,37.52317559097909,35.700606855086804,25239.1712224,25205.45,25219.45,25143.95,25209.95,0.0,920.0,-1.7967643294825828,-0.000529552028689048,-0.005306214793431141,-0.0008703685928880883,4.81388945915996e-05,4,4,30,20.53944431907252,25218.804669173674,25339.909,25227.407142857144,19.259311892809826,0.0020359141852152266
HK50,SELL,9.2,0,loss,-75.51,25030.940000000002,24961.106000000003,25256.95,25143.95,-3.9450765864348796,10.5,55.5,9.5,35.35402249371623,32.98653776622315,25239.1712224,25199.45,25219.45,25143.95,25209.95,0.0,925.0,-2.1639626221537576,-0.0007199204449368472,-0.005541818096290045,-0.0010968920354143116,-0.00015652956970467024,4,4,30,20.53944431907252,25217.604669173674,25339.879,25227.12142857143,19.259311892809826,0.002130138043795187
HK50,SELL,9.2,0,loss,-75.51,25030.940000000002,24961.106000000003,25256.95,25143.95,-7.347506905072805,14.5,51.5,9.5,34.04207811075449,31.395357186402336,25239.1712224,25195.45,25219.45,25143.95,25209.95,0.0,933.0,-2.3812035949255685,-0.0008468427881260787,-0.005698887274787111,-0.0012479105143775502,-0.00029153537035163385,4,4,30,20.53944431907252,25216.804669173674,25339.859,25226.930952380953,19.259311892809826,0.002202152642389258
HK50,SELL,9.2,0,loss,-75.51,25030.940000000002,24961.106000000003,25256.95,25143.95,-7.30440771350186,14.5,51.5,9.5,34.04207811075449,31.395357186402336,25239.1712224,25195.45,25219.45,25143.95,25209.95,0.0,939.0,-2.3812035949255685,-0.0008468427881260787,-0.005698887274787111,-0.0012479105143775502,-0.000289825770443023,4,4,30,20.53944431907252,25216.804669173674,25339.859,25226.930952380953,19.259311892809826,0.002202152642389258
HK50,SELL,9.2,0,loss,-75.51,25030.940000000002,24961.106000000003,25256.95,25143.95,-13.297195721308526,21.5,44.5,9.5,31.96618293452711,28.95141681554766,25239.1712224,25188.45,25219.45,25143.95,25209.95,0.0,946.0,-2.711074841080579,-0.0010689762677743146,-0.005973758933763699,-0.0015121983401684242,-0.000527629914626161,4,4,30,20.53944431907252,25215.404669173673,25339.824,25226.59761904762,19.259311892809826,0.002343560904778255
HK50,SELL,9.2,0,loss,-75.51,25030.940000000002,24961.106000000003,25256.95,25143.95,-8.053059755220602,15.5,50.5,9.5,33.72916612144074,31.021261927524066,25239.1712224,25194.45,25219.45,25143.95,25209.95,0.0,955.0,-2.43215691632499,-0.0008785746322444534,-0.00573815460815199,-0.0012856654904523535,-0.0003195341246909789,4,4,30,20.53944431907252,25216.604669173674,25339.854,25226.883333333335,19.259311892809826,0.002221206948266233
HK50,SELL,9.2,0,loss,-75.51,25030.940000000002,24961.106000000003,25256.95,25143.95,-11.45820766910765,19.5,46.5,9.5,32.53300333051111,29.609976584899613,25239.1712224,25190.45,25219.45,25143.95,25209.95,0.0,961.0,-2.623065251640906,-0.0010055070423618028,-0.005895224096574516,-0.0014366868201114676,-0.00045465635279239854,4,4,30,20.53944431907252,25215.804669173674,25339.834,25226.692857142858,19.259311892809826,0.0023013138426930943
HK50,SELL,9.2,0,loss,-75.51,25030.940000000002,24961.106000000003,25256.95,25143.95,-13.990406643759343,22.5,43.5,9.5,31.690115526165926,28.63300145343213,25239.1712224,25187.45,25219.45,25143.95,25209.95,0.0,968.0,-2.75330006221941,-0.0011007116356111161,-0.006013026375602713,-0.0015499543140065598,-0.0005551431353928129,4,4,30,20.53944431907252,25215.204669173676,25339.819,25226.550000000003,19.259311892809826,0.00236519902249507
HK50,SELL,9.2,0,loss,-75.51,25030.940000000002,24961.106000000003,25256.95,25143.95,-22.536672374433692,32.5,33.5,9.5,29.17085268029257,25.795899948043512,25239.1712224,25177.45,25219.45,25143.95,25209.95,0.0,976.0,-3.116362685858101,-0.0014180930049479115,-0.006405701646293599,-0.0019275218922674366,-0.0008943128687897121,4,4,30,20.53944431907252,25213.204669173676,25339.769,25226.073809523812,19.259311892809826,0.002598343171213941
HK50,SELL,9.2,0,loss,-75.51,25030.940000000002,24961.106000000003,25256.95,25143.95,-23.35490531112373,33.5,32.5,9.5,28.940782712394764,25.542808975675143,25239.1712224,25176.45,25219.45,25143.95,25209.95,0.0,981.0,-3.1473183792788704,-0.001449833911242143,-0.006444969258592878,-0.0019652794340992933,-0.0009267891318555977,4,4,30,20.53944431907252,25213.004669173675,25339.764,25226.026190476194,19.259311892809826,0.0026231552290458078
HK50,SELL,9.2,0,loss,-75.51,25030.940000000002,24961.106000000003,25256.95,25143.95,-25.04963026166297,35.5,30.5,9.5,28.49136105205099,25.051239191425665,25239.1712224,25174.45,25219.45,25143.95,25209.95,0.0,984.0,-3.2066410621189143,-0.0015133172345466964,-0.006523504529680915,-0.002040794945412852,-0.0009940526847438383,4,4,30,20.53944431907252,25212.604669173674,25339.754,25225.930952380953,19.259311892809826,0.0026734999203576705
HK50,SELL,9.2,0,loss,-75.51,25030.940000000002,24961.106000000003,25256.95,25143.95,-26.2786757408212,37.0,29.0,9.5,28.16334938336624,24.69480173849412,25239.1712224,25172.95,25219.45,25143.95,25209.95,0.0,991.0,-3.2489634661205997,-0.0015609310489489493,-0.006582406023674971,-0.0020974319530950476,-0.001042836512139737,4,4,30,20.53944431907252,25212.304669173674,25339.746499999997,25225.859523809526,19.259311892809826,0.002711862596580435
HK50,SELL,9.2,0,loss,-75.51,25030.940000000002,24961.106000000003,25256.95,25143.95,-28.365281311846047,39.5,26.5,9.5,27.633130806452698,24.122757239196588,25239.1712224,25170.45,25219.45,25143.95,25209.95,0.0,998.0,-3.315603191505556,-0.001640289924355866,-0.006680575257814452,-0.002191827678662817,-0.0011256593214873296,4,4,30,20.53944431907252,25211.804669173674,25339.734,25225.74047619048,19.259311892809826,0.002776887558108629
HK50,SELL,9.2,0,loss,-75.51,25030.940000000002,24961.106000000003,25256.95,25143.95,-26.552342760660395,37.5,28.5,9.5,28.055684095638128,24.578232619689544,25239.1712224,25172.45,25219.45,25143.95,25209.95,0.0,1009.0,-3.2626734928637373,-0.0015768025722194077,-0.006602039862754654,-0.0021163110269319216,-0.001053706111039294,4,4,30,20.53944431907252,25212.204669173676,25339.744,25225.835714285717,19.259311892809826,0.0027247609306667825
HK50,SELL,9.2,0,loss,-75.51,25030.940000000002,24961.106000000003,25256.95,25143.95,-25.634820426490478,36.5,29.5,9.5,28.271844197814005,24.812481849562843,25239.1712224,25173.45,25219.45,25143.95,25209.95,0.0,1016.0,-3.2350566681143076,-0.001545059651580986,-0.0065627721884695496,-0.0020785529148963124,-0.0010172917234561939,4,4,30,20.53944431907252,25212.404669173673,25339.749,25225.883333333335,19.259311892809826,0.002699019124086312
HK50,SELL,9.2,0,loss,-75.51,25030.940000000002,24961.106000000003,25256.95,25143.95,-30.690416317407653,42.5,23.5,9.5,27.022639271072265,23.47034077617768,25239.1712224,25167.45,25219.45,25143.95,25209.95,0.0,1026.0,-3.3895715287872212,-0.0017355247298902403,-0.006798378466627693,-0.0023051037254203165,-0.001217963540576734,4,4,30,20.53944431907252,25211.204669173676,25339.718999999997,25225.59761904762,19.259311892809826,0.0028565967510145378
HK50,SELL,9.2,0,loss,-75.51,25030.940000000002,24961.106000000003,25256.95,25143.95,-29.772322050426737,41.5,24.5,9.5,27.223117006968735,23.683856137051336,25239.1712224,25168.45,25219.45,25143.95,25209.95,0.0,1033.0,-3.3656100911830173,-0.001703779291052099,-0.0067591107148600995,-0.002267344900611852,-0.0011815246992393433,4,4,30,20.53944431907252,25211.404669173673,25339.724,25225.64523809524,19.259311892809826,0.002829832010336612
HK50,SELL,9.2,0,loss,-75.51,25030.940000000002,24961.106000000003,25256.95,25143.95,-28.000138888888614,39.5,26.5,9.5,27.633130806452698,24.122757239196588,25239.1712224,25170.45,25219.45,25143.95,25209.95,0.0,1040.0,-3.315603191505556,-0.001640289924355866,-0.006680575257814452,-0.002191827678662817,-0.0011111849631448509,4,4,30,20.53944431907252,25211.804669173674,25339.734,25225.74047619048,19.259311892809826,0.002776887558108629
HK50,SELL,9.2,0,loss,-75.51,25030.940000000002,24961.106000000003,25256.95,25143.95,-30.933042514890985,43.0,23.0,9.5,26.923503616509706,23.365020284678437,25239.1712224,25166.95,25219.45,25143.95,25209.95,0.0,1047.0,-3.4013008909629616,-0.0017513976381868814,-0.006818012348322757,-0.0023239831912833706,-0.0012276048135749936,4,4,30,20.53944431907252,25211.104669173674,25339.7165,25225.573809523812,19.259311892809826,0.0028700498719248513
HK50,SELL,9.2,0,loss,-75.51,25030.940000000002,24961.106000000003,25256.95,25143.95,-30.034687672748987,42.0,24.0,9.5,27.12250768310517,23.57661505521746,25239.1712224,25167.95,25219.45,25143.95,25209.95,0.0,1052.0,-3.377675453037493,-0.0017196519475124311,-0.006778744588806902,-0.002286224295196511,-0.0011919480087406525,4,4,30,20.53944431907252,25211.304669173674,25339.7215,25225.62142857143,19.259311892809826,0.002843190574973083
HK50,SELL,9.2,0,loss,-75.51,25030.940000000002,24961.106000000003,25256.95,25143.95,-25.293269893809338,36.5,29.5,9.5,28.271844197814005,24.812481849562843,25239.1712224,25173.45,25219.45,25143.95,25209.95,0.0,1057.0,-3.2350566681143076,-0.001545059651580986,-0.0065627721884695496,-0.0020785529148963124,-0.0010037512435800108,4,4,30,20.53944431907252,25212.404669173673,25339.749,25225.883333333335,19.259311892809826,0.002699019124086312
HK50,SELL,9.2,0,loss,-75.51,25030.940000000002,24961.106000000003,25256.95,25143.95,-24.809268426844937,36.0,30.0,9.5,28.381178162914523,24.93128891184668,25239.1712224,25173.95,25219.45,25143.95,25209.95,0.0,1064.0,-3.2209501819359128,-0.0015291883801141638,-0.0065431383571381025,-0.002059673912335614,-0.0009845432532041398,4,4,30,20.53944431907252,25212.504669173675,25339.7515,25225.907142857144,19.259311892809826,0.0026862312994050774
NZDUSD,BUY,9.1,0,loss,-0.00028,0.58641,0.58686114,0.58599,0.58526,7.739683231611227e-05,7.999999999996898e-05,7.999999999996898e-05,0.0001100000000000545,52.94835564247099,50.67616648753027,0.585874594464,0.58556,0.58567,0.5854,0.58548,0.0,197.0,-0.27297554521534306,1.015241821803811e-05,0.0012155272189013522,-7.318465464157962e-05,0.00013219322298795206,4,4,30,30.011425641362102,0.5855540552103422,0.5848491,0.5856028571428571,0.00019929637981055097,0.0010517574945351467
HK50,SELL,9.2,0,loss,-75.51,25030.940000000002,24961.106000000003,25256.95,25143.95,-22.619840943370946,33.5,32.5,9.5,28.940782712394764,25.542808975675143,25239.1712224,25176.45,25219.45,25143.95,25209.95,0.0,1071.0,-3.1473183792788704,-0.001449833911242143,-0.006444969258592878,-0.0019652794340992933,-0.0008976458689208558,4,4,30,20.53944431907252,25213.004669173675,25339.764,25226.026190476194,19.259311892809826,0.0026231552290458078
NZDUSD,BUY,9.1,0,loss,-0.00028,0.58641,0.58686114,0.58599,0.58526,7.739683231611227e-05,7.999999999996898e-05,7.999999999996898e-05,0.0001100000000000545,52.94835564247099,50.67616648753027,0.585874594464,0.58556,0.58567,0.5854,0.58548,0.0,197.0,-0.27297554521534306,1.015241821803811e-05,0.0012155272189013522,-7.318465464157962e-05,0.00013219322298795206,4,4,30,30.011425641362102,0.5855540552103422,0.5848491,0.5856028571428571,0.00019929637981055097,0.0010517574945351467
HK50,SELL,9.2,0,loss,-75.51,25030.940000000002,24961.106000000003,25256.95,25143.95,-18.301886792454752,28.5,37.5,9.5,30.12891359416507,26.860488768674415,25239.1712224,25181.45,25219.45,25143.95,25209.95,0.0,1078.0,-2.9833268661314865,-0.0012911344152115357,-0.006248631352060585,-0.0017764931504212808,-0.0007262724996132612,4,4,30,20.53944431907252,25214.004669173675,25339.789,25226.26428571429,19.259311892809826,0.002501662676994553
NZDUSD,BUY,9.1,0,loss,-0.00028,0.58641,0.58686114,0.58599,0.58526,7.739683231611227e-05,7.999999999996898e-05,7.999999999996898e-05,0.0001100000000000545,52.94835564247099,50.67616648753027,0.585874594464,0.58556,0.58567,0.5854,0.58548,0.0,197.0,-0.27297554521534306,1.015241821803811e-05,0.0012155272189013522,-7.318465464157962e-05,0.00013219322298795206,4,4,30,30.011425641362102,0.5855540552103422,0.5848491,0.5856028571428571,0.00019929637981055097,0.0010517574945351467
HK50,SELL,9.2,0,loss,-75.51,25030.940000000002,24961.106000000003,25256.95,25143.95,-16.105367116200796,26.0,40.0,9.5,30.760328730043867,27.571659948158498,25239.1712224,25183.95,25219.45,25143.95,25209.95,0.0,1087.0,-2.8921725509176994,-0.0012117893876784935,-0.006150462544073088,-0.001682101344954362,-0.000639100465517899,4,4,30,20.53944431907252,25214.504669173675,25339.801499999998,25226.383333333335,19.259311892809826,0.0024434776951695503
NZDUSD,BUY,9.1,0,loss,-0.00028,0.58641,0.58686114,0.58599,0.58526,7.734393147507124e-05,7.999999999996898e-05,7.999999999996898e-05,0.0001100000000000545,52.94835564247099,50.67616648753027,0.585874594464,0.58556,0.58567,0.5854,0.58548,0.0,201.0,-0.27297554521534306,1.015241821803811e-05,0.0012155272189013522,-7.318465464157962e-05,0.00013210285680267684,4,4,30,30.011425641362102,0.5855540552103422,0.5848491,0.5856028571428571,0.00019929637981055097,0.0010517574945351467
HK50,SELL,9.2,0,loss,-75.51,25030.940000000002,24961.106000000003,25256.95,25143.95,-16.466476655812585,26.5,39.5,9.5,30.631937317567917,27.42642889185099,25239.1712224,25183.45,25219.45,25143.95,25209.95,0.0,1096.0,-2.910922108031427,-0.0012276581414399402,-0.0061700962979224245,-0.0017009796347755056,-0.00065343377907885,4,4,30,20.53944431907252,25214.404669173673,25339.799,25226.359523809526,19.259311892809826,0.0024549688847038476
NZDUSD,BUY,9.1,0,loss,-0.00028,0.58641,0.58686114,0.58599,0.58526,0.00010689092096671793,0.0001100000000000545,7.999999999996898e-05,7.999999999996898e-05,54.04712525775946,52.40377364001511,0.585874594464,0.58559,0.58567,0.5854,0.58548,0.0,202.0,-0.09114289739375066,5.1138716501129746e-05,0.0012665657004776322,-2.4394825369504487e-05,0.0001825687527260311,4,4,30,30.011425641362102,0.5855600552103423,0.58484925,0.5856042857142857,0.00019929637981055097,0.001048861673771676
HK50,SELL,9.2,0,loss,-75.51,25030.940000000002,24961.106000000003,25256.95,25143.95,-17.24547174912368,27.5,38.5,9.5,30.378343252749616,27.140508872548907,25239.1712224,25182.45,25219.45,25143.95,25209.95,0.0,1106.0,-2.9476366626717434,-0.0012593960265777394,-0.006209363817243239,-0.0017387363213259514,-0.0006843523870539322,4,4,30,20.53944431907252,25214.204669173676,25339.793999999998,25226.311904761907,19.259311892809826,0.0024781720233322422
NZDUSD,BUY,9.1,0,loss,-0.00028,0.58641,0.58686114,0.58599,0.58526,0.00010689092096671793,0.0001100000000000545,7.999999999996898e-05,7.999999999996898e-05,54.04712525775946,52.40377364001511,0.585874594464,0.58559,0.58567,0.5854,0.58548,0.0,202.0,-0.09114289739375066,5.1138716501129746e-05,0.0012665657004776322,-2.4394825369504487e-05,0.0001825687527260311,4,4,30,30.011425641362102,0.5855600552103423,0.58484925,0.5856042857142857,0.00019929637981055097,0.001048861673771676
HK50,SELL,9.2,0,loss,-75.51,25030.940000000002,24961.106000000003,25256.95,25143.95,-14.624528809908952,24.5,41.5,9.5,31.15204291546702,28.016730583452954,25239.1712224,25185.45,25219.45,25143.95,25209.95,0.0,1116.0,-2.8343156952035025,-0.0011641838816051297,-0.006091561305769777,-0.0016254666893060366,-0.00058033672849616,4,4,30,20.53944431907252,25214.804669173674,25339.808999999997,25226.454761904763,19.259311892809826,0.0024094582503408103
NZDUSD,BUY,9.1,0,loss,-0.00028,0.58641,0.58686114,0.58599,0.58526,0.00010689092096671793,0.0001100000000000545,7.999999999996898e-05,7.999999999996898e-05,54.04712525775946,52.40377364001511,0.585874594464,0.58559,0.58567,0.5854,0.58548,0.0,202.0,-0.09114289739375066,5.1138716501129746e-05,0.0012665657004776322,-2.4394825369504487e-05,0.0001825687527260311,4,4,30,30.011425641362102,0.5855600552103423,0.58484925,0.5856042857142857,0.00019929637981055097,0.001048861673771676
HK50,SELL,9.2,0,loss,-75.51,25030.940000000002,24961.106000000003,25256.95,25143.95,-14.55564494502687,24.5,41.5,9.5,31.15204291546702,28.016730583452954,25239.1712224,25185.45,25219.45,25143.95,25209.95,0.0,1126.0,-2.8343156952035025,-0.0011641838816051297,-0.006091561305769777,-0.0016254666893060366,-0.0005776048287491812,4,4,30,20.53944431907252,25214.804669173674,25339.808999999997,25226.454761904763,19.259311892809826,0.0024094582503408103
NZDUSD,BUY,9.1,0,loss,-0.00028,0.58641,0.58686114,0.58599,0.58526,0.00010689092096671793,0.0001100000000000545,7.999999999996898e-05,7.999999999996898e-05,54.04712525775946,52.40377364001511,0.585874594464,0.58559,0.58567,0.5854,0.58548,0.0,202.0,-0.09114289739375066,5.1138716501129746e-05,0.0012665657004776322,-2.4394825369504487e-05,0.0001825687527260311,4,4,30,30.011425641362102,0.5855600552103423,0.58484925,0.5856042857142857,0.00019929637981055097,0.001048861673771676
HK50,SELL,9.2,0,loss,-75.51,25030.940000000002,24961.106000000003,25256.95,25143.95,-17.908908507226442,28.5,37.5,9.5,30.12891359416507,26.860488768674415,25239.1712224,25181.45,25219.45,25143.95,25209.95,0.0,1132.0,-2.9833268661314865,-0.0012911344152115357,-0.006248631352060585,-0.0017764931504212808,-0.0007106890525369853,4,4,30,20.53944431907252,25214.004669173675,25339.789,25226.26428571429,19.259311892809826,0.002501662676994553
NZDUSD,BUY,9.1,0,loss,-0.00028,0.58641,0.58686114,0.58599,0.58526,0.00010689092096671793,0.0001100000000000545,7.999999999996898e-05,7.999999999996898e-05,54.04712525775946,52.40377364001511,0.585874594464,0.58559,0.58567,0.5854,0.58548,0.0,202.0,-0.09114289739375066,5.1138716501129746e-05,0.0012665657004776322,-2.4394825369504487e-05,0.0001825687527260311,4,4,30,30.011425641362102,0.5855600552103423,0.58484925,0.5856042857142857,0.00019929637981055097,0.001048861673771676
HK50,SELL,9.2,0,loss,-75.51,25030.940000000002,24961.106000000003,25256.95,25143.95,-17.01814785161696,27.5,38.5,9.5,30.378343252749616,27.140508872548907,25239.1712224,25182.45,25219.45,25143.95,25209.95,0.0,1138.0,-2.9476366626717434,-0.0012593960265777394,-0.006209363817243239,-0.0017387363213259514,-0.0006753375806095274,4,4,30,20.53944431907252,25214.204669173676,25339.793999999998,25226.311904761907,19.259311892809826,0.0024781720233322422
NZDUSD,BUY,9.1,0,loss,-0.00028,0.58641,0.58686114,0.58599,0.58526,0.00010689092096671793,0.0001100000000000545,7.999999999996898e-05,7.999999999996898e-05,54.04712525775946,52.40377364001511,0.585874594464,0.58559,0.58567,0.5854,0.58548,0.0,202.0,-0.09114289739375066,5.1138716501129746e-05,0.0012665657004776322,-2.4394825369504487e-05,0.0001825687527260311,4,4,30,30.011425641362102,0.5855600552103423,0.58484925,0.5856042857142857,0.00019929637981055097,0.001048861673771676
HK50,SELL,9.2,0,loss,-75.51,25030.940000000002,24961.106000000003,25256.95,25143.95,-19.512109115104977,30.5,35.5,9.5,29.642143808961976,26.317432612399614,25239.1712224,25179.45,25219.45,25143.95,25209.95,0.0,1145.0,-3.0517382277591234,-0.0013546127030154781,-0.006327166468184191,-0.0018520072362496758,-0.0007743219355866625,4,4,30,20.53944431907252,25213.604669173674,25339.779,25226.16904761905,19.259311892809826,0.0025494746661257526
NZDUSD,BUY,9.1,0,loss,-0.00028,0.58641,0.58686114,0.58599,0.58526,0.00010689092096671793,0.0001100000000000545,7.999999999996898e-05,7.999999999996898e-05,54.04712525775946,52.40377364001511,0.585874594464,0.58559,0.58567,0.5854,0.58548,0.0,202.0,-0.09114289739375066,5.1138716501129746e-05,0.0012665657004776322,-2.4394825369504487e-05,0.0001825687527260311,4,4,30,30.011425641362102,0.5855600552103423,0.58484925,0.5856042857142857,0.00019929637981055097,0.001048861673771676
HK50,SELL,9.2,0,loss,-75.51,25030.940000000002,24961.106000000003,25256.95,25143.95,-15.23984063745229,25.5,40.5,9.5,30.889800958163278,27.718437275259802,25239.1712224,25184.45,25219.45,25143.95,25209.95,0.0,1150.0,-2.87315712995552,-0.0011959207597864452,-0.0061308287940979875,-0.0016632230907691365,-0.0006047630242208878,4,4,30,20.53944431907252,25214.604669173674,25339.804,25226.407142857144,19.259311892809826,0.002432061484105622
NZDUSD,BUY,9.1,0,loss,-0.00028,0.58641,0.58686114,0.58599,0.58526,9.70229284573687e-05,9.999999999998899e-05,7.999999999996898e-05,9.00000000000345e-05,53.68661543615841,51.84151029220696,0.585874594464,0.58558,0.58567,0.5854,0.58548,0.0,203.0,-0.1518487765803663,3.747671040046856e-05,0.0012495528761942742,-4.065807534431519e-05,0.00016571434568884668,4,4,30,30.011425641362102,0.5855580552103422,0.5848492000000001,0.5856038095238095,0.00019929637981055097,0.0010496056074372044
HK50,SELL,9.2,0,loss,-75.51,25030.940000000002,24961.106000000003,25256.95,25143.95,-12.652032843332563,22.5,43.5,9.5,31.690115526165926,28.63300145343213,25239.1712224,25187.45,25219.45,25143.95,25209.95,0.0,1157.0,-2.75330006221941,-0.0011007116356111161,-0.006013026375602713,-0.0015499543140065598,-0.0005020627625571971,4,4,30,20.53944431907252,25215.204669173676,25339.819,25226.550000000003,19.259311892809826,0.00236519902249507
NZDUSD,BUY,9.1,0,loss,-0.00028,0.58641,0.58686114,0.58599,0.58526,9.70229284573687e-05,9.999999999998899e-05,7.999999999996898e-05,9.00000000000345e-05,53.68661543615841,51.84151029220696,0.585874594464,0.58558,0.58567,0.5854,0.58548,0.0,203.0,-0.1518487765803663,3.747671040046856e-05,0.0012495528761942742,-4.065807534431519e-05,0.00016571434568884668,4,4,30,30.011425641362102,0.5855580552103422,0.5848492000000001,0.5856038095238095,0.00019929637981055097,0.0010496056074372044
HK50,SELL,9.2,0,loss,-75.51,25030.940000000002,24961.106000000003,25256.95,25143.95,-17.704812904932623,28.5,37.5,9.5,30.12891359416507,26.860488768674415,25239.1712224,25181.45,25219.45,25143.95,25209.95,0.0,1161.0,-2.9833268661314865,-0.0012911344152115357,-0.006248631352060585,-0.0017764931504212808,-0.0007025955051423263,4,4,30,20.53944431907252,25214.004669173675,25339.789,25226.26428571429,19.259311892809826,0.002501662676994553
NZDUSD,BUY,9.1,0,loss,-0.00028,0.58641,0.58686114,0.58599,0.58526,7.73043162857201e-05,7.999999999996898e-05,7.999999999996898e-05,0.0001100000000000545,52.94835564247099,50.67616648753027,0.585874594464,0.58556,0.58567,0.5854,0.58548,0.0,204.0,-0.27297554521534306,1.015241821803811e-05,0.0012155272189013522,-7.318465464157962e-05,0.00013203518542157042,4,4,30,30.011425641362102,0.5855540552103422,0.5848491,0.5856028571428571,0.00019929637981055097,0.0010517574945351467
HK50,SELL,9.2,0,loss,-75.51,25030.940000000002,24961.106000000003,25256.95,25143.95,-20.194224683546054,31.5,34.5,9.5,29.4046099262179,26.054056618675986,25239.1712224,25178.45,25219.45,25143.95,25209.95,0.0,1168.0,-3.0845110397784437,-0.0013863526022095882,-0.006366434049490611,-0.0018897644929844997,-0.000801401238236644,4,4,30,20.53944431907252,25213.404669173673,25339.773999999998,25226.12142857143,19.259311892809826,0.0025737805820517912
NZDUSD,BUY,9.1,0,loss,-0.00028,0.58641,0.58686114,0.58599,0.58526,7.73043162857201e-05,7.999999999996898e-05,7.999999999996898e-05,0.0001100000000000545,52.94835564247099,50.67616648753027,0.585874594464,0.58556,0.58567,0.5854,0.58548,0.0,204.0,-0.27297554521534306,1.015241821803811e-05,0.0012155272189013522,-7.318465464157962e-05,0.00013203518542157042,4,4,30,30.011425641362102,0.5855540552103422,0.5848491,0.5856028571428571,0.00019929637981055097,0.0010517574945351467
HK50,SELL,9.2,0,loss,-75.51,25030.940000000002,24961.106000000003,25256.95,25143.95,-22.688239936858736,34.5,31.5,9.5,28.714313460757594,25.294636047194928,25239.1712224,25175.45,25219.45,25143.95,25209.95,0.0,1174.0,-3.177403001240659,-0.0014815753211044102,-0.006484236886388599,-0.002003037118480877,-0.0009003935021238929,4,4,30,20.53944431907252,25212.804669173674,25339.759,25225.978571428575,19.259311892809826,0.0026482097491110964
NZDUSD,BUY,9.1,0,loss,-0.00028,0.58641,0.58686114,0.58599,0.58526,7.73043162857201e-05,7.999999999996898e-05,7.999999999996898e-05,0.0001100000000000545,52.94835564247099,50.67616648753027,0.585874594464,0.58556,0.58567,0.5854,0.58548,0.0,204.0,-0.27297554521534306,1.015241821803811e-05,0.0012155272189013522,-7.318465464157962e-05,0.00013203518542157042,4,4,30,30.011425641362102,0.5855540552103422,0.5848491,0.5856028571428571,0.00019929637981055097,0.0010517574945351467
HK50,SELL,9.2,0,loss,-75.51,25030.940000000002,24961.106000000003,25256.95,25143.95,-23.489632545934,35.5,30.5,9.5,28.49136105205099,25.051239191425665,25239.1712224,25174.45,25219.45,25143.95,25209.95,0.0,1180.0,-3.2066410621189143,-0.0015133172345466964,-0.006523504529680915,-0.002040794945412852,-0.0009322044932433497,4,4,30,20.53944431907252,25212.604669173674,25339.754,25225.930952380953,19.259311892809826,0.0026734999203576705
NZDUSD,BUY,9.1,0,loss,-0.00028,0.58641,0.58686114,0.58599,0.58526,7.73043162857201e-05,7.999999999996898e-05,7.999999999996898e-05,0.0001100000000000545,52.94835564247099,50.67616648753027,0.585874594464,0.58556,0.58567,0.5854,0.58548,0.0,204.0,-0.27297554521534306,1.015241821803811e-05,0.0012155272189013522,-7.318465464157962e-05,0.00013203518542157042,4,4,30,30.011425641362102,0.5855540552103422,0.5848491,0.5856028571428571,0.00019929637981055097,0.0010517574945351467
HK50,SELL,9.2,0,loss,-75.51,25030.940000000002,24961.106000000003,25256.95,25143.95,-23.44566640481935,35.5,30.5,9.5,28.49136105205099,25.051239191425665,25239.1712224,25174.45,25219.45,25143.95,25209.95,0.0,1186.0,-3.2066410621189143,-0.0015133172345466964,-0.006523504529680915,-0.002040794945412852,-0.0009304612859429513,4,4,30,20.53944431907252,25212.604669173674,25339.754,25225.930952380953,19.259311892809826,0.0026734999203576705
NZDUSD,BUY,9.1,0,loss,-0.00028,0.58641,0.58686114,0.58599,0.58526,7.73043162857201e-05,7.999999999996898e-05,7.999999999996898e-05,0.0001100000000000545,52.94835564247099,50.67616648753027,0.585874594464,0.58556,0.58567,0.5854,0.58548,0.0,204.0,-0.27297554521534306,1.015241821803811e-05,0.0012155272189013522,-7.318465464157962e-05,0.00013203518542157042,4,4,30,30.011425641362102,0.5855540552103422,0.5848491,0.5856028571428571,0.00019929637981055097,0.0010517574945351467
HK50,SELL,9.2,0,loss,-75.51,25030.940000000002,24961.106000000003,25256.95,25143.95,-24.253560695153283,36.5,29.5,9.5,28.271844197814005,24.812481849562843,25239.1712224,25173.45,25219.45,25143.95,25209.95,0.0,1191.0,-3.2350566681143076,-0.001545059651580986,-0.0065627721884695496,-0.0020785529148963124,-0.0009625305987401725,4,4,30,20.53944431907252,25212.404669173673,25339.749,25225.883333333335,19.259311892809826,0.002699019124086312
NZDUSD,BUY,9.1,0,loss,-0.00028,0.58641,0.58686114,0.58599,0.58526,7.73043162857201e-05,7.999999999996898e-05,7.999999999996898e-05,0.0001100000000000545,52.94835564247099,50.67616648753027,0.585874594464,0.58556,0.58567,0.5854,0.58548,0.0,204.0,-0.27297554521534306,1.015241821803811e-05,0.0012155272189013522,-7.318465464157962e-05,0.00013203518542157042,4,4,30,30.011425641362102,0.5855540552103422,0.5848491,0.5856028571428571,0.00019929637981055097,0.0010517574945351467
HK50,SELL,9.2,0,loss,-75.51,25030.940000000002,24961.106000000003,25256.95,25143.95,-25.038752116714022,37.5,28.5,9.5,28.055684095638128,24.578232619689544,25239.1712224,25172.45,25219.45,25143.95,25209.95,0.0,1199.0,-3.2626734928637373,-0.0015768025722194077,-0.006602039862754654,-0.0021163110269319216,-0.0009937002993844234,4,4,30,20.53944431907252,25212.204669173676,25339.744,25225.835714285717,19.259311892809826,0.0027247609306667825
NZDUSD,BUY,9.1,0,loss,-0.00028,0.58641,0.58686114,0.58599,0.58526,8.714244270391358e-05,9.00000000000345e-05,7.999999999996898e-05,9.999999999998899e-05,53.32040433840711,51.265803889555464,0.585874594464,0.58557,0.58567,0.5854,0.58548,0.0,205.0,-0.2124707398608544,2.3814610973090106e-05,0.001232540049002371,-5.692135176825552e-05,0.00014883858951478474,4,4,30,30.011425641362102,0.5855560552103423,0.58484915,0.5856033333333334,0.00019929637981055097,0.0010505710840148336
HK50,SELL,9.2,0,loss,-75.51,25030.940000000002,24961.106000000003,25256.95,25143.95,-26.666471886768704,39.5,26.5,9.5,27.633130806452698,24.122757239196588,25239.1712224,25170.45,25219.45,25143.95,25209.95,0.0,1207.0,-3.315603191505556,-0.001640289924355866,-0.006680575257814452,-0.002191827678662817,-0.0010583144272290578,4,4,30,20.53944431907252,25211.804669173674,25339.734,25225.74047619048,19.259311892809826,0.002776887558108629
NZDUSD,BUY,9.1,0,loss,-0.00028,0.58641,0.58686114,0.58599,0.58526,8.714244270391358e-05,9.00000000000345e-05,7.999999999996898e-05,9.999999999998899e-05,53.32040433840711,51.265803889555464,0.585874594464,0.58557,0.58567,0.5854,0.58548,0.0,205.0,-0.2124707398608544,2.3814610973090106e-05,0.001232540049002371,-5.692135176825552e-05,0.00014883858951478474,4,4,30,30.011425641362102,0.5855560552103423,0.58484915,0.5856033333333334,0.00019929637981055097,0.0010505710840148336
HK50,SELL,9.2,0,loss,-75.51,25030.940000000002,24961.106000000003,25256.95,25143.95,-25.801037613491644,38.5,27.5,9.5,27.842804334849504,24.34836501562779,25239.1712224,25171.45,25219.45,25143.95,25209.95,0.0,1210.0,-3.289514753605756,-0.0016085459964736578,-0.006641307552536237,-0.0021540692815204873,-0.0010239623987147186,4,4,30,20.53944431907252,25212.004669173675,25339.738999999998,25225.7880952381,19.259311892809826,0.0027507190960516462
NZDUSD,BUY,9.1,0,loss,-0.00028,0.58641,0.58686114,0.58599,0.58526,8.714244270391358e-05,9.00000000000345e-05,7.999999999996898e-05,9.999999999998899e-05,53.32040433840711,51.265803889555464,0.585874594464,0.58557,0.58567,0.5854,0.58548,0.0,205.0,-0.2124707398608544,2.3814610973090106e-05,0.001232540049002371,-5.692135176825552e-05,0.00014883858951478474,4,4,30,30.011425641362102,0.5855560552103423,0.58484915,0.5856033333333334,0.00019929637981055097,0.0010505710840148336
HK50,SELL,9.2,0,loss,-75.51,25030.940000000002,24961.106000000003,25256.95,25143.95,-27.434678566809453,40.5,25.5,9.5,27.426591617113203,23.901291965014963,25239.1712224,25169.45,25219.45,25143.95,25209.95,0.0,1217.0,-3.340961055767144,-0.0016720343558780178,-0.0067198429785890225,-0.0022295862183595735,-0.0010888123240944216,4,4,30,20.53944431907252,25211.604669173674,25339.729,25225.692857142858,19.259311892809826,0.0028032604328150617
NZDUSD,BUY,9.1,0,loss,-0.00028,0.58641,0.58686114,0.58599,0.58526,8.714244270391358e-05,9.00000000000345e-05,7.999999999996898e-05,9.999999999998899e-05,53.32040433840711,51.265803889555464,0.585874594464,0.58557,0.58567,0.5854,0.58548,0.0,205.0,-0.2124707398608544,2.3814610973090106e-05,0.001232540049002371,-5.692135176825552e-05,0.00014883858951478474,4,4,30,30.011425641362102,0.5855560552103423,0.58484915,0.5856033333333334,0.00019929637981055097,0.0010505710840148336
HK50,SELL,9.2,0,loss,-75.51,25030.940000000002,24961.106000000003,25256.95,25143.95,-25.27721878225202,38.0,28.0,9.5,27.948838857301,24.462758834112392,25239.1712224,25171.95,25219.45,25143.95,25209.95,0.0,1224.0,-3.2761896360510767,-0.001592674221393715,-0.006621673705708457,-0.0021351901364070345,-0.0010031746176980196,4,4,30,20.53944431907252,25212.104669173674,25339.7415,25225.811904761907,19.259311892809826,0.0027377133516116735
NZDUSD,BUY,9.1,0,loss,-0.00028,0.58641,0.58686114,0.58599,0.58526,0.0001363643613165877,0.000140000000000029,7.999999999996898e-05,4.999999999999449e-05,55.09574806981363,54.01445455360881,0.585874594464,0.58562,0.58567,0.5854,0.58548,0.0,207.0,0.0911428973944584,9.21241748523725e-05,0.001317604155873402,2.4394765859088767e-05,0.00023290892010642214,4,4,30,30.011425641362102,0.5855660552103422,0.5848494,0.5856057142857143,0.00019929637981055097,0.0010479631344317
HK50,SELL,9.2,0,loss,-75.51,25030.940000000002,24961.106000000003,25256.95,25143.95,-28.172198636308167,41.5,24.5,9.5,27.223117006968735,23.683856137051336,25239.1712224,25168.45,25219.45,25143.95,25209.95,0.0,1231.0,-3.3656100911830173,-0.001703779291052099,-0.0067591107148600995,-0.002267344900611852,-0.0011180942593897725,4,4,30,20.53944431907252,25211.404669173673,25339.724,25225.64523809524,19.259311892809826,0.002829832010336612
NZDUSD,BUY,9.1,0,loss,-0.00028,0.58641,0.58686114,0.58599,0.58526,0.0001363643613165877,0.000140000000000029,7.999999999996898e-05,4.999999999999449e-05,55.09574806981363,54.01445455360881,0.585874594464,0.58562,0.58567,0.5854,0.58548,0.0,207.0,0.0911428973944584,9.21241748523725e-05,0.001317604155873402,2.4394765859088767e-05,0.00023290892010642214,4,4,30,30.011425641362102,0.5855660552103422,0.5848494,0.5856057142857143,0.00019929637981055097,0.0010479631344317
HK50,SELL,9.2,0,loss,-75.51,25030.940000000002,24961.106000000003,25256.95,25143.95,-26.024451289951685,39.0,27.0,9.5,27.73757133588373,24.235036084186248,25239.1712224,25170.95,25219.45,25143.95,25209.95,0.0,1237.0,-3.302651673143474,-0.001624417897460446,-0.006660941403238283,-0.002172948462272381,-0.0010328403253438776,4,4,30,20.53944431907252,25211.904669173673,25339.7365,25225.76428571429,19.259311892809826,0.002763777411876411
NZDUSD,BUY,9.1,0,loss,-0.00028,0.58641,0.58686114,0.58599,0.58526,0.0001363643613165877,0.000140000000000029,7.999999999996898e-05,4.999999999999449e-05,55.09574806981363,54.01445455360881,0.585874594464,0.58562,0.58567,0.5854,0.58548,0.0,207.0,0.0911428973944584,9.21241748523725e-05,0.001317604155873402,2.4394765859088767e-05,0.00023290892010642214,4,4,30,30.011425641362102,0.5855660552103422,0.5848494,0.5856057142857143,0.00019929637981055097,0.0010479631344317
HK50,SELL,9.2,0,loss,-75.51,25030.940000000002,24961.106000000003,25256.95,25143.95,-26.386884197057952,39.5,26.5,9.5,27.633130806452698,24.122757239196588,25239.1712224,25170.45,25219.45,25143.95,25209.95,0.0,1245.0,-3.315603191505556,-0.001640289924355866,-0.006680575257814452,-0.002191827678662817,-0.0010472300280519444,4,4,30,20.53944431907252,25211.804669173674,25339.734,25225.74047619048,19.259311892809826,0.002776887558108629
NZDUSD,BUY,9.1,0,loss,-0.00028,0.58641,0.58686114,0.58599,0.58526,0.00015602681159421206,0.000160000000000049,7.999999999996898e-05,2.999999999997449e-05,55.76864050344281,55.02901546862063,0.585874594464,0.58564,0.58567,0.5854,0.58548,0.0,209.0,0.21247073986155895,0.00011944734713714613,0.0013516297782592398,5.6921027766260665e-05,0.0002664920283718909,4,4,30,30.011425641362102,0.5855700552103422,0.5848495,0.5856066666666666,0.00019929637981055097,0.0010484766993115496
HK50,SELL,9.2,0,loss,-75.51,25030.940000000002,24961.106000000003,25256.95,25143.95,-30.11727922409773,44.0,22.0,9.5,26.727398556300457,23.157189760986682,25239.1712224,25165.95,25219.45,25143.95,25209.95,0.0,1252.0,-3.4242696006976905,-0.0017831438325432278,-0.006857280123335141,-0.002361742229927627,-0.0011953166694760936,4,4,30,20.53944431907252,25210.904669173673,25339.711499999998,25225.526190476194,19.259311892809826,0.002897094332701347
NZDUSD,BUY,9.1,0,loss,-0.00028,0.58641,0.58686114,0.58599,0.58526,0.00015602681159421206,0.000160000000000049,7.999999999996898e-05,2.999999999997449e-05,55.76864050344281,55.02901546862063,0.585874594464,0.58564,0.58567,0.5854,0.58548,0.0,209.0,0.21247073986155895,0.00011944734713714613,0.0013516297782592398,5.6921027766260665e-05,0.0002664920283718909,4,4,30,30.011425641362102,0.5855700552103422,0.5848495,0.5856066666666666,0.00019929637981055097,0.0010484766993115496
HK50,SELL,9.2,0,loss,-75.51,25030.940000000002,24961.106000000003,25256.95,25143.95,-31.316921119592735,45.5,20.5,9.5,26.438539528519286,22.852285100803215,25239.1712224,25164.45,25219.45,25143.95,25209.95,0.0,1260.0,-3.457534738444371,-0.0018307640685075975,-0.006916181814909803,-0.002418381055190753,-0.001242943753910593,4,4,30,20.53944431907252,25210.604669173674,25339.703999999998,25225.454761904763,19.259311892809826,0.002937997022198864
NZDUSD,BUY,9.1,0,loss,-0.00028,0.58641,0.58686114,0.58599,0.58526,0.00015602681159421206,0.000160000000000049,7.999999999996898e-05,2.999999999997449e-05,55.76864050344281,55.02901546862063,0.585874594464,0.58564,0.58567,0.5854,0.58548,0.0,209.0,0.21247073986155895,0.00011944734713714613,0.0013516297782592398,5.6921027766260665e-05,0.0002664920283718909,4,4,30,30.011425641362102,0.5855700552103422,0.5848495,0.5856066666666666,0.00019929637981055097,0.0010484766993115496
HK50,SELL,9.2,0,loss,-75.51,25030.940000000002,24961.106000000003,25256.95,25143.95,-32.13375270047254,46.5,19.5,9.5,26.249410777089025,22.653437179659576,25239.1712224,25163.45,25219.45,25143.95,25209.95,0.0,1263.0,-3.47894764154727,-0.00186251152212113,-0.006955449628663695,-0.0024561404502320325,-0.0012753724230353835,4,4,30,20.53944431907252,25210.404669173673,25339.699,25225.407142857144,19.259311892809826,0.002965482279048115
NZDUSD,BUY,9.1,0,loss,-0.00028,0.58641,0.58686114,0.58599,0.58526,0.00015602681159421206,0.000160000000000049,7.999999999996898e-05,2.999999999997449e-05,55.76864050344281,55.02901546862063,0.585874594464,0.58564,0.58567,0.5854,0.58548,0.0,209.0,0.21247073986155895,0.00011944734713714613,0.0013516297782592398,5.6921027766260665e-05,0.0002664920283718909,4,4,30,30.011425641362102,0.5855700552103422,0.5848495,0.5856066666666666,0.00019929637981055097,0.0010484766993115496
HK50,SELL,9.2,0,loss,-75.51,25030.940000000002,24961.106000000003,25256.95,25143.95,-33.3391634981017,48.0,18.0,9.5,25.97073730227001,22.36157019175073,25239.1712224,25161.95,25219.45,25143.95,25209.95,0.0,1270.0,-3.50996773948788,-0.0019101336470274727,-0.007014351378350446,-0.002512779810094622,-0.001323230040415734,4,4,30,20.53944431907252,25210.104669173674,25339.6915,25225.335714285717,19.259311892809826,0.0030070234829406477
NZDUSD,BUY,9.1,0,loss,-0.00028,0.58641,0.58686114,0.58599,0.58526,0.00015602681159421206,0.000160000000000049,7.999999999996898e-05,2.999999999997449e-05,55.76864050344281,55.02901546862063,0.585874594464,0.58564,0.58567,0.5854,0.58548,0.0,209.0,0.21247073986155895,0.00011944734713714613,0.0013516297782592398,5.6921027766260665e-05,0.0002664920283718909,4,4,30,30.011425641362102,0.5855700552103422,0.5848495,0.5856066666666666,0.00019929637981055097,0.0010484766993115496
HK50,SELL,9.2,0,loss,-75.51,25030.940000000002,24961.106000000003,25256.95,25143.95,-36.2363693864645,51.5,14.5,9.5,25.342953528709288,21.708941294961235,25239.1712224,25158.45,25219.45,25143.95,25209.95,0.0,1275.0,-3.5775268143388588,-0.0020212563462865193,-0.0071517889298811956,-0.002644939563857771,-0.0014382544340974435,4,4,30,20.53944431907252,25209.404669173673,25339.674,25225.16904761905,19.259311892809826,0.0031053366634635872
NZDUSD,BUY,9.1,0,loss,-0.00028,0.58641,0.58686114,0.58599,0.58526,0.00013631239585598642,0.000140000000000029,7.999999999996898e-05,4.999999999999449e-05,55.09574806981363,54.01445455360881,0.585874594464,0.58562,0.58567,0.5854,0.58548,0.0,210.0,0.0911428973944584,9.21241748523725e-05,0.001317604155873402,2.4394765859088767e-05,0.00023282014297236863,4,4,30,30.011425641362102,0.5855660552103422,0.5848494,0.5856057142857143,0.00019929637981055097,0.0010479631344317
HK50,SELL,9.2,0,loss,-75.51,25030.940000000002,24961.106000000003,25256.95,25143.95,-36.20493873942178,51.5,14.5,9.5,25.342953528709288,21.708941294961235,25239.1712224,25158.45,25219.45,25143.95,25209.95,0.0,1279.0,-3.5775268143388588,-0.0020212563462865193,-0.0071517889298811956,-0.002644939563857771,-0.0014370087158349166,4,4,30,20.53944431907252,25209.404669173673,25339.674,25225.16904761905,19.259311892809826,0.0031053366634635872
NZDUSD,BUY,9.1,0,loss,-0.00028,0.58641,0.58686114,0.58599,0.58526,0.00013631239585598642,0.000140000000000029,7.999999999996898e-05,4.999999999999449e-05,55.09574806981363,54.01445455360881,0.585874594464,0.58562,0.58567,0.5854,0.58548,0.0,210.0,0.0911428973944584,9.21241748523725e-05,0.001317604155873402,2.4394765859088767e-05,0.00023282014297236863,4,4,30,30.011425641362102,0.5855660552103422,0.5848494,0.5856057142857143,0.00019929637981055097,0.0010479631344317
HK50,SELL,9.2,0,loss,-63.01,25030.940000000002,24961.106000000003,25256.95,25143.95,-36.15797101449425,51.5,14.5,9.5,25.342953528709288,21.708941294961235,25239.1712224,25158.45,25219.45,25143.95,25209.95,0.0,1285.0,-3.5775268143388588,-0.0020212563462865193,-0.0071517889298811956,-0.002644939563857771,-0.0014351471972134956,4,4,30,20.53944431907252,25209.404669173673,25339.674,25225.16904761905,19.259311892809826,0.0031053366634635872
NZDUSD,BUY,9.1,0,loss,-0.00028,0.58641,0.58686114,0.58599,0.58526,0.00014614225698961203,0.00014999999999998348,7.999999999996898e-05,4.0000000000040004e-05,55.43473414819228,54.52739339457552,0.585874594464,0.58563,0.58567,0.5854,0.58548,0.0,211.0,0.1518487765803655,0.00010578580765572732,0.0013346169685206869,4.065791003707823e-05,0.00024960937019336075,4,4,30,30.011425641362102,0.5855680552103422,0.58484945,0.5856061904761904,0.00019929637981055097,0.001048108673069877
NZDUSD,BUY,9.1,0,loss,-0.00028,0.58641,0.58686114,0.58599,0.58526,0.00014614225698961203,0.00014999999999998348,7.999999999996898e-05,4.0000000000040004e-05,55.43473414819228,54.52739339457552,0.585874594464,0.58563,0.58567,0.5854,0.58548,0.0,211.0,0.1518487765803655,0.00010578580765572732,0.0013346169685206869,4.065791003707823e-05,0.00024960937019336075,4,4,30,30.011425641362102,0.5855680552103422,0.58484945,0.5856061904761904,0.00019929637981055097,0.001048108673069877
NZDUSD,BUY,9.1,0,loss,-0.00028,0.58641,0.58686114,0.58599,0.58526,0.00014614225698961203,0.00014999999999998348,7.999999999996898e-05,4.0000000000040004e-05,55.43473414819228,54.52739339457552,0.585874594464,0.58563,0.58567,0.5854,0.58548,0.0,211.0,0.1518487765803655,0.00010578580765572732,0.0013346169685206869,4.065791003707823e-05,0.00024960937019336075,4,4,30,30.011425641362102,0.5855680552103422,0.58484945,0.5856061904761904,0.00019929637981055097,0.001048108673069877
ETHUSD,BUY,9.1,0,loss,-1.648,1892.102,1895.722862,1887.681,1881.822,0.24864285912940431,1.5049999999998818,0.14200000000005275,0.0,52.70887858281416,54.19047947958647,1887.401897232,1886.242,1886.242,1884.595,1884.737,0.0,324.0,0.8097669377433496,0.0004542154812196157,0.0012856509201690004,0.0005387252469413314,0.0001318365508489076,4,4,35,15.450792868477818,1885.385628659394,1883.8200649999999,1885.226380952381,2.0143843246891815,0.0027583639144925045
ETHUSD,BUY,9.1,0,loss,-1.852,1892.306,1895.926862,1887.681,1881.822,0.449008313869399,1.7089999999998327,0.14200000000005275,0.0,53.26060421675303,54.957238087196394,1887.401897232,1886.446,1886.446,1884.595,1884.737,0.0,327.0,0.9581120889519231,0.0005407643200010657,0.0013933993099986316,0.0006417789076714431,0.0002380747773452034,4,4,35,15.550946458262418,1885.4264286593939,1883.821085,1885.2360952380952,2.0289557532606066,0.0027769598475952772
ETHUSD,BUY,9.1,0,loss,-0.253,1892.306,1895.926862,1887.681,1881.822,0.42327414512101313,1.6829999999999927,0.14200000000005275,0.02599999999983993,53.19100312298114,54.86094423416431,1887.401897232,1886.42,1886.446,1884.595,1884.737,0.0,329.0,0.9393771686935116,0.0005297337939258226,0.0013796666785672103,0.000628644676631426,0.000224429946944448,4,4,35,15.550946458262418,1885.421228659394,1883.820955,1885.2348571428572,2.0289557532606066,0.002774409007987382
HK50,SELL,9.2,0,loss,-44.51,25045.940000000002,24973.943000000003,25256.95,25140.45,10.78142222221868,26.5,9.0,9.0,43.18920520772762,44.389603133604595,25226.01731313152,25197.95,25206.95,25162.45,25171.45,0.0,268.0,-1.0088551800774963,-0.00011313085931190565,-0.005531411967638904,-0.0009062811799668501,0.0004280521722370552,4,4,40,24.62694413819759,25200.800988271152,25338.105499999998,25220.807142857146,22.437881261763874,0.003749194655969458
HK50,SELL,9.2,0,loss,-49.01,25045.940000000002,24973.943000000003,25256.95,25140.45,14.058055408502696,30.0,9.0,10.0,44.3495682035792,45.77539046874205,25226.01731313152,25201.45,25211.45,25162.45,25171.45,0.0,296.0,-0.8677212725697105,-2.0232235840196253e-06,-0.005393967027470774,-0.0007741100590033655,0.0005581385893159689,4,4,40,24.313991336407923,25201.500988271153,25338.123,25220.973809523814,22.759309833192447,0.003723655485855624
HK50,SELL,9.2,0,loss,-66.01,25045.940000000002,24973.943000000003,25256.95,25140.45,12.891554467561946,30.0,9.0,27.0,44.3495682035792,45.77539046874205,25140.45,25201.45,25228.45,25162.45,25171.45,0.0,603.0,-0.8677212725697105,-2.0232235840196253e-06,-0.005393967027470774,-0.0007741100590033655,0.0005118019951573867,4,4,40,23.295909919141668,25201.500988271153,25338.123,25220.973809523814,23.973595547478162,0.003723655485855624
HK50,SELL,9.2,0,loss,-66.01,25045.940000000002,24973.943000000003,25256.95,25140.45,10.977756049862364,28.0,9.0,29.0,43.69237637355698,44.992091275598995,25140.45,25199.45,25228.45,25162.45,25171.45,0.0,609.0,-0.9487294706731948,-6.551254534153471e-05,-0.0054725069700335156,-0.0008496361999398303,0.00043582460831855505,4,4,40,23.295909919141668,25201.10098827115,25338.112999999998,25220.878571428573,23.973595547478162,0.003737765866826303
HK50,SELL,9.2,0,loss,-66.01,25045.940000000002,24973.943000000003,25256.95,25140.45,10.019536019532097,27.0,9.0,30.0,43.35792516070688,44.591893603275324,25140.45,25198.45,25228.45,25162.45,25171.45,0.0,613.0,-0.9888753901439867,-9.725796201867317e-05,-0.0055117769645624615,-0.0008873994843076831,0.0003977832614009064,4,4,40,23.295909919141668,25200.900988271154,25338.107999999997,25220.830952380955,23.973595547478162,0.0037453049655648395
HK50,SELL,9.2,0,loss,-66.01,25045.940000000002,24973.943000000003,25256.95,25140.45,12.843925006087375,30.0,9.0,27.0,44.3495682035792,45.77539046874205,25140.45,25201.45,25228.45,25162.45,25171.45,0.0,625.0,-0.8677212725697105,-2.0232235840196253e-06,-0.005393967027470774,-0.0007741100590033655,0.0005099101144321849,4,4,40,23.295909919141668,25201.500988271153,25338.123,25220.973809523814,23.973595547478162,0.003723655485855624
HK50,SELL,9.2,0,loss,-66.01,25045.940000000002,24973.943000000003,25256.95,25140.45,12.833171206224506,30.0,9.0,27.0,44.3495682035792,45.77539046874205,25140.45,25201.45,25228.45,25162.45,25171.45,0.0,630.0,-0.8677212725697105,-2.0232235840196253e-06,-0.005393967027470774,-0.0007741100590033655,0.0005094829657956672,4,4,40,23.295909919141668,25201.500988271153,25338.123,25220.973809523814,23.973595547478162,0.003723655485855624
EURUSD,BUY,SAR,0,loss,-0.00019,1.15429,1.1547287800000001,1.15392,1.15321,5.871311875149665e-05,0.000140000000000029,0.0,4.0000000000040004e-05,50.84039562191291,49.00456291380924,1.1532657259378563,1.15353,1.15357,1.15339,1.15339,0.0,200.0,-0.40221855941027523,-2.225634859479725e-05,0.00021191628509011336,-5.490091829007116e-05,5.0901239952183787e-05,4,5,0,29.29287871009976,1.1535556739372026,1.1532856,1.1535933333333332,0.00016952558223031042,0.000569636256422291
BTCUSD,BUY,DiNapoli,0,loss,-32.51,63730.68,63863.222460000005,63554.3,63339.83,96.41910354082938,42.30000000000291,13.180000000000291,21.830000000001746,59.012780878178596,62.19647875624578,63397.985984,63532.47,63554.3,63476.99,63490.17,0.0,1211.0,1.760799339820716,0.0007243722251884743,0.0013837188468208235,0.0012237128207628705,0.0015199417709372454,4,5,5,30.995531743903676,63486.48215565152,63444.6804,63454.81952380952,53.810295727174214,0.0027075456502104337
EURUSD,BUY,DiNapoli,0,loss,-0.00012,1.15442,1.15485878,1.15392,1.15321,0.00021434074316228902,0.00011999999999989797,1.0000000000065512e-05,4.0000000000040004e-05,57.717897569656316,59.85497937870523,1.1533255758165653,1.1537,1.15374,1.15357,1.15358,0.0,164.0,0.8047581791029033,8.255608373675181e-05,0.00034752473599216835,0.00010650102042833706,0.00018582003290824046,4,5,30,20.6057329350763,1.1536047629085942,1.1532992,1.1535771428571429,0.0001503796511832588,0.0005136260317089675
BTCUSD,BUY,DiNapoli,0,loss,-34.44,63660.520000000004,63761.705140000005,63554.3,63390.57,29.104666276856733,12.75,17.2699999999968,5.830000000001746,51.12634562479273,50.67684043113677,63548.463356,63467.38,63485.96,63450.11,63480.13,0.0,1167.0,0.007880680377346178,2.7623938759495855e-05,0.0004505389563388551,4.171639183073397e-06,0.00045878716159524895,4,5,35,30.08825006539424,63465.62682941113,63438.79835,63467.11523809523,55.28828583422145,0.002221092107537758
BTCUSD,BUY,9.4,0,loss,-13.4,63641.3,63742.485140000004,63554.3,63390.57,34.03080713843519,20.55000000000291,0.3099999999976717,4.739999999997963,51.83067932737619,52.010595718924236,63542.8578431024,63472.82,63477.56,63451.96,63452.27,0.0,1163.0,0.26342244353819866,0.00012784600530077534,0.0005566170586242894,0.00013484904702640752,0.0005364353193276978,4,5,45,29.3741167101385,63464.70629082313,63437.5096,63464.26190476191,51.82733519824357,0.0021480289934101083
BTCUSD,BUY,PC,0,loss,-36.75,63715.01000000001,63841.829780000015,63554.3,63349.09,42.36744245560112,23.56999999999971,7.219999999993888,5.950000000004366,53.44746791313229,55.399427184732616,63352.193999999996,63480.27,63509.79,63473.05,63503.84,0.0,1162.0,0.4446552927696859,0.00048682531924581016,0.0007403405508203153,0.00029866713553360937,0.0006678569238188431,4,6,20,23.271243260475785,63449.38123472445,63433.30775000001,63461.316190476195,52.47827726023691,0.002783767269505519
GBPUSD,BUY,DiNapoli,1,win,9e-05,1.35021,1.3507229399999998,1.3497,1.34887,0.00033947480865870183,0.000180000000000069,1.999999999990898e-05,0.00014999999999987246,62.00438966545024,68.27361529266295,1.34888,1.34955,1.3497,1.34935,1.34937,0.0,260.0,2.158869398879944,0.00020830892511380095,0.00030415680096579687,0.000258353883408398,0.0002516099617667587,4,6,20,15.789262886971596,1.349268935238411,1.34913965,1.3492014285714284,0.00020752180113944085,0.0004909652275846945
AUDUSD,BUY,SAR,0,loss,-0.00026,0.7067300000000001,0.7070946200000001,0.70613,0.70554,0.00014350799986351248,0.000200000000000089,4.999999999999449e-05,0.0,61.408500604507225,69.91308272688401,0.7055494,0.70613,0.70613,0.70588,0.70593,0.0,156.0,2.659087380557154,0.00037384908377052203,0.00034970377179301094,0.00046417957272552174,0.0002032730108715518,4,6,25,15.755472419152962,0.7058661126005397,0.7058831499999999,0.7058023809523809,0.0001609524667910967,0.0006902266909754246
US500,BUY,SAR,0,loss,-1.01,7810.96,7813.741,7806.45,7801.95,1.8460080066470255,1.0,0.0,0.0,56.77245786652238,57.26532373178956,7803.5414304,7805.45,7806.45,7805.45,7806.45,0.0,44.0,0.8461820075362579,2.4737478755611138e-05,0.001787133982940835,0.00011775821310128723,0.00023655839129472294,4,6,30,21.49652776157385,7805.256917622818,7791.5255,7804.530952380954,1.0089799566989786,0.0004957590529256515
AUDUSD,BUY,SAR,0,loss,-0.0001,0.7068099999999999,0.70719934,0.70617,0.70554,0.00014133816765704577,0.0,4.999999999999449e-05,3.999999999992898e-05,61.43224999046044,69.95939410770882,0.705572624,0.70613,0.70617,0.70608,0.70613,0.0,157.0,2.3780582116065294,0.0003013241389001769,0.0003447437347058136,0.00045540474349582547,0.0002001989200367789,4,6,30,16.297552663102564,0.7059172900804318,0.7058866500000001,0.7058085714285715,0.00015588443723962153,0.0007979831035798672
GBPUSD,BUY,SAR,0,loss,-0.00016,1.3504200000000002,1.35097002,1.34976,1.34887,0.00015592450497670107,9.999999999998899e-05,2.999999999997449e-05,2.0000000000131024e-05,52.49914232762995,50.540983885854025,1.3491231337043406,1.3494,1.34952,1.34937,1.3495,0.0,253.0,0.4384250762611794,-4.448967549263462e-05,0.0001829295590743656,6.846544929921917e-05,0.00011556434288547389,4,6,50,15.579513316756872,1.349460037039138,1.3491532000000002,1.349307619047619,0.00018757926334344506,0.0006372515002150932
AUDUSD,BUY,SAR,0,loss,-0.00023,0.7068099999999999,0.70719934,0.70617,0.70554,0.00014607553832091114,0.00012000000000000899,7.00000000000145e-05,2.999999999997449e-05,59.45590650618565,64.06621947781822,0.7057315833507148,0.70614,0.70617,0.70595,0.70602,0.0,149.0,1.4790046164140789,0.00014711585129863352,0.00033396880667594655,0.0003629357590213557,0.00020690764220427797,4,6,55,14.19519609690753,0.706036130893556,0.70590425,0.7058838095238096,0.00015047062667676646,0.0010272365231775251
ETHUSD,SELL,9.2,0,loss,-2.4,1872.9200000000003,1868.4524780000004,1887.379,1880.15,-3.1070230584664387,1.4500000000000455,0.9399999999998272,0.009000000000014552,44.32332624583411,44.00643986398806,1884.4437807998427,1882.54,1882.549,1880.15,1881.09,0.0,268.0,-0.8923083542493758,-9.611326329855277e-05,-0.0008460995133008352,-0.000909795311218145,-0.001647722516713088,4,7,0,16.50249221040479,1882.7209544548132,1884.134165,1884.2542857142855,1.7842469841460162,0.004272431832569664
ETHUSD,SELL,9.2,0,loss,-0.884,1875.0380000000002,1870.5704780000003,1887.379,1880.15,-2.941716724551952,0.35199999999986176,0.019000000000005457,0.512000000000171,44.77979971388741,44.839239330474925,1883.9285271038616,1882.639,1883.151,1882.268,1882.287,0.0,275.0,-0.7625343444034346,-1.1708726818398251e-05,-0.0008132991531802506,-0.0007912709080031607,-0.0015601117992243884,4,7,5,15.803213686584604,1882.6610435638506,1884.1713949999998,1884.1298571428572,1.7435508250267338,0.004351055667257694
US500,BUY,9.1,0,loss,-0.81,7807.86,7810.0848,7806.45,7802.85,0.5129614093957571,0.1999999999998181,0.5,0.1000000000003638,50.380023613438894,49.831837712153295,7805.8064831872,7804.15,7804.25,7803.45,7803.95,0.0,42.0,-0.41935713330673463,1.747832908648046e-05,0.0014104680028301992,-4.9421810577279234e-05,6.573363251763972e-05,4,7,10,17.187528634808107,7804.013598882123,7793.157999999999,7804.535714285715,0.9622460562330988,0.00048320094231138185
US500,BUY,9.1,0,loss,-0.31,7807.86,7810.0848,7806.45,7802.85,0.5092042385203968,0.0,0.1999999999998181,0.1000000000003638,50.47967077808217,50.11246533300807,7805.629094195968,7804.15,7804.25,7803.95,7804.15,0.0,42.0,-0.34761887390986945,1.8083128362237746e-05,0.001384447697498502,-4.026999199175963e-05,6.525213702775368e-05,4,7,15,16.605993806052233,7804.008879105699,7793.360499999999,7804.464285714285,0.9149427891413862,0.00048363303162778277
EURNOK,SELL,RompFalso,0,loss,-0.00751,10.90535,10.894701860000001,10.93455,10.91732,-0.00956500247984593,0.0028100000000002012,0.0033600000000006958,0.0013299999999993872,47.0862683326319,47.19904655537058,10.917891427999999,10.92595,10.93009,10.92259,10.92876,0.0,675.0,-0.45760448569099765,-6.0190286278466486e-05,-0.0016242731817033337,-0.0001512116651737769,-0.0008746732529448201,4,17,55,12.991291711391257,10.92660767564405,10.9437256,10.927602380952381,0.0050746025142188195,0.0013199968525661728
